INDICAÇÃO,TÍTULO,AUTOR,EDITORA,QUANT,VALOR UNITÁRIO,VALOR TOTAL
INFANTIL,A B Z BICHO,ANDERSON DE OLIVEIRA,ABACATTE,900,62,55800
INFANTIL,AMARRA MEU CADARÇO ,JOÃO MARCOS,ABACATTE,900,64,57600
INFANTIL,AQUILO QUE NÃO SE VÊ,CLOVIS LEVI,ABACATTE,900,66,59400
INFANTIL,CABELINHO VERMELHO E O LOBO BOBO,SILVANA DE MENEZES,ABACATTE,900,87,78300
INFANTIL,CONTOS ORTOGRAFICOS,MARILDA CASTANHA,ABACATTE,900,65,58500
INFANTIL,TERRA DO TIRIMBINTIM,FABIANA GUIMARAES,ARMAZEM DA CULTURA,900,55,49500
INFANTIL,UM CAOZINHO CHAMADO TECO,MARINA VIEIRA,ARMAZEM DA CULTURA,900,56,50400
INFANTIL,A LINHA QUE ERA RETA ,CLARA MENDES,BAGAÇO,900,35,31500
INFANTIL,CHAPÉU MAU E LOBINHO VERMELHO,JESSIER QUIRINO,BAGAÇO,900,37,33300
INFANTIL,"FÁCIL DE SENTIR, DIFÍCIL DE FALAR ",HUGO MENDES,BAGAÇO,900,41,36900
INFANTIL,FLORESTA ENCANTADA I ,VITOR MANUEL,BAGAÇO,900,36,32400
INFANTIL,HISTÓRIAS DO ARCO DA VELHA,ELITA FERREIRA,BAGAÇO,900,33,29700
INFANTIL,NA FOLIA DOS BICHOS ,EDMILSON LIMA,BAGAÇO,900,31,27900
INFANTIL,NO OUTRO LADO DA PÁGINA ,ALEXANDRE AZEVEDO,BAGAÇO,900,33,29700
INFANTIL,AS CORES NA CIDADE DE SÃO PAULO,JULIE TRIPENO,BAMBOLÊ,900,30,27000
INFANTIL,HOJE É DOMINGO,SÔNIA TRAVASSOS,BAMBOLÊ,900,30,27000
INFANTIL,LA EM CIMA DAQUELE MORRO,SÔNIA TRAVASSOS,BAMBOLÊ,900,63,56700
INFANTIL,O LIVRO DOS TUTUS,BLANDINA FRANCO,BAMBOLÊ,900,32,28800
INFANTIL,OS 2 PORQUINHOS E MEIO,LEO CUNHA & MARTA LAGARTA,BAMBOLÊ,900,55,49500
INFANTIL,SE ESSA RUA FOSSE MINHA,PAULA GIANNINI,BAMBOLÊ,900,63,56700
INFANTIL,SETE CARTAS DE OUTRO PLANETA,ANA CRISTINA MELO,BAMBOLÊ,900,50,45000
INFANTIL,VOCÊ FAZ EU FAÇO TAMBÉM,"MARCELO JUCÁ, VANESSA PREZOTO",BAMBOLÊ,900,58,52200
INFANTIL,CONTANDO CARNEIRINHOS,ARLENE HOLANDA ,BRASIL TROPICAL,900,50,45000
INFANTIL,"O QUE É, O QUE É?",WAGNER CORTEZ,BRASIL TROPICAL,900,60,54000
INFANTIL,TEM INDIO PRA TODO LADO ,VINICIOS FERRAZ,BRASIL TROPICAL,900,55,49500
INFANTIL,"TOM, ELIS E CHICO ",MÔNICA MOTA,BRASIL TROPICAL,900,60,54000
INFANTIL,A GALINHA XADREZ,ROGÉRIO TREZZA,BRINQUE BOOK,900,65,58500
INFANTIL,A MACAQUINHA,MARTA ALTÉS,BRINQUE BOOK,900,65,58500
INFANTIL,A ÚLTIMA HISTÓRIA ANTES DE DORMIR,NICOLA O'BRYNE,BRINQUE BOOK,900,70,63000
INFANTIL,A VELHINHA QUE DAVA NOME ÀS COISAS,CYNTHIA RYLANT,BRINQUE BOOK,900,65,58500
INFANTIL,A VERDADE SEGUNDO ARTHUR,TIM HOPGOOD,BRINQUE BOOK,900,65,58500
INFANTIL,"BRUXA, BRUXA VENHA À MINHA FESTA",ARDEN DRUCE,BRINQUE BOOK,900,65,58500
INFANTIL,IDEIA DE BONECO,ADRIANA FELICÍSSIMO,CASA DE LETRAS,900,48,43200
INFANTIL,MEU BAIRRO - PESSOA E LUGARES,LISA BULLARD,CASA DE LETRAS,900,48,43200
INFANTIL,MEU DIA - MANHÃ TARDE E NOITE,LISA BULLARD,CASA DE LETRAS,900,45,40500
INFANTIL,O CIRCULO,VANESSA CAMPOS ROCHA,CASA DE LETRAS,900,56,50400
INFANTIL,O QUADRADO ,VANESSA CAMPOS ROCHA,CASA DE LETRAS,900,56,50400
INFANTIL,PARA AQUELES QUE QUEREM VOAR,PIRKKO VAINIO,CASA DE LETRAS,900,50,45000
INFANTIL,SONHO DE UMA NOITE DE VERÃO,WILLIAM SHAKESPEARE,CASA DE LETRAS,900,59,53100
INFANTIL,SUPER - EU : TUDO O QUE VOCÊ QUERIA SABER,LISA BULLARD,CASA DE LETRAS,900,40,36000
INFANTIL,PROMOVENDO O HÁBITO DE LEITURA,LUANA VIGNON,CEREJA EDITORA,900,52,46800
INFANTIL,ROBIN HOOD,MAURI KUNNAS,CEREJA EDITORA,900,45,40500
INFANTIL,TUDO É RELATIVO,CLAUDIA RUEDA,CEREJA EDITORA,900,45,40500
INFANTIL,UMA COISA É OUTRA COISA,ANA DIVA E KIKA ZANETTI,CEREJA EDITORA,900,50,45000
INFANTIL,A CAIXA DE PREOCUPAÇÕES,SUZANNE CHIEW,CIRANDA CULTURAL,900,35,31500
INFANTIL,A GALINHA RUIVA,DONALDO BUCHWITZ,CIRANDA CULTURAL,900,15,13500
INFANTIL,A LEVEZA DAS PEDRAS,JONAS RIBEIRO,CIRANDA CULTURAL,900,40,36000
INFANTIL,A MAIOR COISA DO MUNDO,KENNETH STEVEN,CIRANDA CULTURAL,900,40,36000
INFANTIL,ANIMAIS DE ESTIMACAO,CIRANDA CULTURAL,CIRANDA CULTURAL,900,35,31500
INFANTIL,AS CORES DA RECICLAGEM,DONALDO BUCHWITZ,CIRANDA CULTURAL,900,40,36000
INFANTIL,HISTÓRIAS DE TIA NASTÁCIA,MONTEIRO LOBATO,CIRANDA CULTURAL,900,25,22500
INFANTIL,IMPERFEITAMENTE PERFEITO,PERRY EMERSON,CIRANDA CULTURAL,900,70,63000
INFANTIL,PASSARADA EM LIBERDADE,LAÍS DE CASTRO,CONHECIMENTO,900,42,37800
INFANTIL,QUE BICHO É ESSE?,ARLENE HOLANDA,CONHECIMENTO,900,42,37800
INFANTIL,ANIMAIS DA CIDADE ,"TABACK, SIMMS",CORTEZ,900,72,64800
INFANTIL,BEIJO DE BICHO ,"LIMA, ROSANGELA",CORTEZ,900,58,52200
INFANTIL,DA CABEÇA AOS PÉS,PAULINE OUD,CORTEZ,900,64,57600
INFANTIL,"1, 2, 3 ERA UMA VEZ...","INGRID BIESEMEYER, BELLINGHAUSEN",DCL,900,40,36000
INFANTIL,"A GENTE PODE, A GENTE NÃO PODE... (3-4 ANOS)",ANNA CLAUDIA RAMOS,DCL,900,50,45000
INFANTIL,MEDO DE QUÊ? ,FLÁVIA CÔRTES,DCL,900,42,37800
INFANTIL,MEU PRESENTE,EVA MONTANARI,DCL,900,45,40500
INFANTIL,O QUE COMEÇA COM...,"INGRID BIESEMEYER, BELLINGHAUSEN",DCL,900,45,40500
INFANTIL,"QUEM É, QUEM É? FESTA À FANTASIA",ANNA CLAUDIA RAMOS,DCL,900,49,44100
INFANTIL,QUEM QUER DAR UMA MÃOZINHA?,SANDRA LOPES,DCL,900,40,36000
INFANTIL,"A MENINA, MARILUA E SUA AVE ",RAINHA ISAÍRA SILVINO,DIZ,900,40,36000
INFANTIL,INDIO VIVE ASSIM,FABIANA GUIMARÃES,DIZ,900,32,28800
INFANTIL,ONDE ESTAVA O ARCO ÍRIS,JURACY MENDONÇA,DIZ,900,40,36000
INFANTIL,PALAVRAS DE MÃE,TAMARA BEZERRA,DIZ,900,32,28800
INFANTIL,TATU BOLA,"ROCHA, KLAUBER",DIZ,900,32,28800
INFANTIL,UM PEDAÇO DE ALGODÃO,ANA RIOS,DIZ,900,32,28800
INFANTIL,A DEFESA DO PINÓQUIO,CRISTINA VIDAL,EDITORA PLANOS,900,70,63000
INFANTIL,A VIAGEM DO DRAGÃO JAPONÊS,CRISTINA VIDAL,EDITORA PLANOS,900,55,49500
INFANTIL,O CÃOZINHO MALTRAPILHO,CRISTINA VIDAL,EDITORA PLANOS,900,60,54000
INFANTIL,O GATO QUE EMPURRAVA PEDRAS,CRISTINA VIDAL,EDITORA PLANOS,900,60,54000
INFANTIL,O MIADO DO GATINHO,CRISTINA VIDAL,EDITORA PLANOS,900,60,54000
INFANTIL,O RESGATE DE TITA,CRISTINA VIDAL,EDITORA PLANOS,900,60,54000
INFANTIL,AMIGOS DO CORAÇÃO,AMELIA ALBUQUERQUE,FORT EDITORA,900,55,49500
INFANTIL,CÃO E GATO ,ANA THAIS FEITOSA ,FORT EDITORA,900,38,34200
INFANTIL,ESSA TAL EMOÇÃO,AMELIA ALBUQUERQUE,FORT EDITORA,900,55,49500
INFANTIL,JARDINEIROS DA FLORESTA ,ANA THAIS FEITOSA ,FORT EDITORA,900,40,36000
INFANTIL,MEU NOME É CECI,AMELIA ALBUQUERQUE,FORT EDITORA,900,55,49500
INFANTIL,O PATINHO AZUL,MARCIO DEL PICCHIA,FORT EDITORA,900,70,63000
INFANTIL,O QUE EU QUERO SER,AMELIA ALBUQUERQUE,FORT EDITORA,900,55,49500
INFANTIL,VALORES DE TODOS NÓS,AMELIA ALBUQUERQUE,FORT EDITORA,900,55,49500
INFANTIL,ABRAÇOS - ANIMAIS DA FAZENDA,REALLY DECENT ,GIRASSOL,900,80,72000
INFANTIL,ABRAÇOS - ANIMAIS DE ESTIMAÇÃO,REALLY DECENT ,GIRASSOL,900,80,72000
INFANTIL,AMIGO URSO - BOMBEIRO,NOSY CROW,GIRASSOL,900,60,54000
INFANTIL,AMIGO URSO - VETERINÁRIO,NOSY CROW,GIRASSOL,900,60,54000
INFANTIL,CONTE UMA FABULA - POP,CELIA RUIZ IBAÑES,GIRASSOL,900,40,36000
INFANTIL,CONTOS PARA SONHAR,OBRA COLETIVA,GIRASSOL,900,119,107100
INFANTIL,JUNTOS SOMOS MAIS FORTES,EILEEN SPINELLI,GIRASSOL,900,45,40500
INFANTIL,ONDE ESTÃO? NA FAZENDA,TOWNHOUSE ,GIRASSOL,900,70,63000
INFANTIL,PERGUNTAS E RESPOSTAS CURIOSAS SOBRE NOSSO PLANETA,CAMILLA DE LA BEDOYERE,GIRASSOL,900,43,38700
INFANTIL,PERGUNTAS E RESPOSTAS CURIOSAS SOBRE O MEU CORPO,ANNE ROONEY,GIRASSOL,900,43,38700
INFANTIL,PERGUNTAS E RESPOSTAS CURIOSAS SOBRE OS ANIMAIS,CAMILLA DE LA BEDOYERE,GIRASSOL,900,43,38700
INFANTIL,TURMA DA MÔNICA - CONTOS DA CAROCHINHA,OBRA COLETIVA,GIRASSOL,900,100,90000
INFANTIL,TURMA DA MÔNICA - PRINCESAS & PRINCESAS E ALICE NO PAIS DAS MARAVILHAS - A PRINCESA E A ERVILHA,MAURICIO DE SOUSA,GIRASSOL,900,70,63000
INFANTIL,TURMA DA MÔNICA - PRINCESAS & PRINCESAS E CONTOS DE FADAS,MAURICIO DE SOUSA,GIRASSOL,900,70,63000
INFANTIL,TURMA DA MÔNICA - PRINCESAS & PRINCESAS: A BELA E A FERA/ A PRINCESA ARROGANTE,MAURICIO DE SOUSA,GIRASSOL,900,70,63000
INFANTIL,TURMA DA MÔNICA E MONTEIRO LOBATO: NARIZINHO ARREBITADO,MAURICIO DE SOUSA,GIRASSOL,900,55,49500
INFANTIL,NOITES DE CHUVA,ANNA CLAUDIA RAMOS,GLOBO,900,80,72000
INFANTIL,O COELHO E O JABUTI,"VIANA, ARIEVALDO",GLOBO,900,80,72000
INFANTIL,O MENINO QUE COLECIONA GUARDA-CHUVAS,ALEXANDRE DE CASTRO GOMES,GLOBO,900,80,72000
INFANTIL,QUANDO VOCÊ ESTAVA NA MINHA BARRIGA,THRITY UMRIGAR,GLOBO,900,60,54000
INFANTIL,A ARARA CLARINHA,XICO BIZERRA,IMEPH,900,45,40500
INFANTIL,A CASA DO CARACOL,ÉRICA MONTENEGRO DE MÉLO,IMEPH,900,45,40500
INFANTIL,A DESCOBERTA DE CLARICE,NÍVEA BARRETO,IMEPH,900,45,40500
INFANTIL,BICHO TEM SOBRENOME?,"ARLENE HOLANDA, CÉSAR MIRANDA",IMEPH,900,50,45000
INFANTIL,BICHOS,FRANCISCO GILSON,IMEPH,900,60,54000
INFANTIL,BOA AÇÃO RIMA COM RETIDÃO,VINÍCIOS FERRAZ,IMEPH,900,45,40500
INFANTIL,BONECO NECO E MARIA FLOR,FRANCISCO GILSON,IMEPH,900,40,36000
INFANTIL,CANTIGAS PARA APRENDER CONSTRUINDO: VOLUME 1,AMELIA ALBUQUERQUE,IMEPH,900,70,63000
INFANTIL,CANTIGAS PARA APRENDER CONSTRUINDO: VOLUME 2,AMELIA ALBUQUERQUE,IMEPH,900,70,63000
INFANTIL,DE 1 A 10,MARIÂNGELA GUADAGNIN,IMEPH,900,42,37800
INFANTIL,DEZ GATOS QUE SE TANGOLOMANGARAM,AMELIA ALBUQUERQUE,IMEPH,900,42,37800
INFANTIL,HISTORINHAS AMOROSAS,ELVIRA DRUMMOND,IMEPH,900,55,49500
INFANTIL,JOANA JOANINHA,FRANCISCO GILSON,IMEPH,900,42,37800
INFANTIL,JOÃO PIRÁ,"DANIEL WALLERIUS, TALITA NOZOMI",IMEPH,900,80,72000
INFANTIL,O BAÚ DE SURPRESAS,MARIANE BIGIO,IMEPH,900,40,36000
INFANTIL,"VAGA-VAGA, VAGALUME",WALKÍRIA KAMINSKI,IMEPH,900,40,36000
INFANTIL,VOCÊ PODE COLORIR O SEU MUNDO,ANA THAIS FEITOSA,IMEPH,900,50,45000
INFANTIL,A CENTOPEIA NÃO TEM ONOMATOPEIA,LUCI SACOLEIRA,INTELIGENIOS,900,65,58500
INFANTIL,A CORAGEM DE SER PIRUA,ANA PAULA FRANZONI,INTELIGENIOS,900,72,64800
INFANTIL,JOGO DOS ABSURDOS,LILIAN ROQUE,INTELIGENIOS,900,65,58500
INFANTIL,NINGUEM SOLTA A CAUDA DE NINGUEM,MARCELO JUCA,INTELIGENIOS,900,50,45000
INFANTIL,O GAFANHOTO AZARADO,THATI PAULA,INTELIGENIOS,900,58,52200
INFANTIL,O INDECIFRAVEL CASO DO POTE DE VIDRO,CECÍLIA COELHO,INTELIGENIOS,900,50,45000
INFANTIL,O SUBMARINO QUADRADO,TATIANE TAKAHASHI,INTELIGENIOS,900,72,64800
INFANTIL,TATO,CRISTOVÃO DE OLIVEIRA,INTELIGENIOS,900,50,45000
INFANTIL,TATU ATARANTADO,CAROLINE FIGUEIRA,INTELIGENIOS,900,50,45000
INFANTIL,MENINO GIGANTE,NARA BITAL,JOANINHA,900,45,40500
INFANTIL,TELECO E TECO,MAURICIO VENEZA,LÊ,900,60,54000
INFANTIL,A CASA DA REINAÇÃO,TIAGO AMARAL,LUA AZUL,900,70,63000
INFANTIL,A FANTÁSTICA SOPA DO BOB,SIMONE CAVALCANTE,LUA AZUL,900,65,58500
INFANTIL,A MENINA PRINCESA DA LAGOA DE CRISTAL,CLAUDIA LINS,LUA AZUL,900,65,58500
INFANTIL,A PRINCESA GRIÔ E A ÁRVORE DAS MARAVILHAS,CLAUDIA LINS,LUA AZUL,900,65,58500
INFANTIL,A VIAGEM DA DONA BARATINHA,CLAUDIA LINS,LUA AZUL,900,59,53100
INFANTIL,ENQUANTO A MAMÃE CABRA NÃO VEM,CLAUDIA LINS,LUA AZUL,900,78,70200
INFANTIL,FILHO DE PEIXE PEIXINHO NÃO É,TIAGO AMARAL,LUA AZUL,900,65,58500
INFANTIL,KAUÊ E O MANATI,CLAUDIA LINS,LUA AZUL,900,66,59400
INFANTIL,LENDAS DO VELHO CHICO HISTÓRIAS ENCANTADAS DE OPARÁ,CLAUDIA LINS,LUA AZUL,900,66,59400
INFANTIL,MARINA TRAQUINA,CLAUDIA LINS,LUA AZUL,900,65,58500
INFANTIL,NINA E O CLUBE DA AVENTURA,CLAUDIA LINS,LUA AZUL,900,65,58500
INFANTIL,O ENCANTADOR DE PÁSSAROS,CLAUDIA LINS,LUA AZUL,900,65,58500
INFANTIL,A COLECIONADORA DE SONHOS,CLAUDIA LINS,MUNDO LEITURA,900,59,53100
INFANTIL,AMIGOS BICHOS E ABRAÇOS,CLAUDIA LINS,MUNDO LEITURA,900,52,46800
INFANTIL,DEZ ELEFANTINHOS DO BALACOBACO,CLAUDIA LINS,MUNDO LEITURA,900,59,53100
INFANTIL,OS TRÊS PORQUINHOS DO AGRESTE,CLAUDIA LINS,MUNDO LEITURA,900,63,56700
INFANTIL,PEQUENO MÁGICO,CHIARA SEGRÉ,MUNDO LEITURA,900,57,51300
INFANTIL,"TITI E TATA, UM DIA NA ESCOLA",CLAUDIA LINS,MUNDO LEITURA,900,63,56700
INFANTIL,VENTANIA E O MAPA DO TESOURO,SIMONE CAVALCANTE,MUNDO LEITURA,900,58,52200
INFANTIL,SONHOS NO TELHADO,SIMONE BANDEIRA,MVC EDITORA,900,22,19800
INFANTIL,ACENDENDO A ESCURIDAO ,ANA BONILLA RIUS,NOVA ALEXANDRIA,900,52,46800
INFANTIL,BORBOLINDA DANCARINA ,MARIA CRISTINA RAMOS,NOVA ALEXANDRIA,900,49,44100
INFANTIL,MARIA RESMUNGONA ,DIETER KONSEK,NOVA ALEXANDRIA,900,49,44100
INFANTIL,"QUE PANELA ESQUISITA, VOVÓ RITA!",ERCÍLIA SIMÕES BRAGA,NOVA ALEXANDRIA,900,49,44100
INFANTIL,A APARENCIA DAS OPINIÕES ,GIULIA STUDART BATELLI,SAÍRA,900,48,43200
INFANTIL,A CULPA NÃE É SUA,LILIANE MESQUITA,SAÍRA,900,51,45900
INFANTIL,A ROUPA NOVA DE DORALICE,MONICA STAHEL,SAÍRA,900,48,43200
INFANTIL,COM QUE ROUPA,MARIANA WAECHTER,SAÍRA,900,54,48600
INFANTIL,É ASSIM QUE EU SOU,NEWTON CESAR,SAÍRA,900,55,49500
INFANTIL,"ESPICHA, A LAGARTIXA, E OS CABELOS DE ISABELA",DILL MAGNO,SAÍRA,900,52,46800
INFANTIL,O GATO RATUDO E O RATO GATUDO,THAIS EVANGELISTA,SAÍRA,900,47,42300
INFANTIL,O QUE ESTOU SENTINDO,LUANA CARDIM,SUINARA,900,56,50400
INFANTIL,O RANÇO DO GANSO,JOSE RICARDO BAPTISTA,SUINARA,900,47,42300
INFANTIL,UM JARDIM ASSIM QUE EU QUERO PRA MIM,PATRTICIA CUNHA,SUINARA,900,49,44100
INFANTIL,A GOTA DE ÁGUA,INÊS CASTEL-BRANCO,TELOS,900,69,62100
INFANTIL,DE ONDE VEM O AMOR?,DANIELA KULOT,TELOS,900,67,60300
INFANTIL,E SE UMA BALEIA ME ENGOLIR?,SUSANNA ISERN,TELOS,900,72,64800
INFANTIL,EU COMPRO,CANIZALES,TELOS,900,56,50400
INFANTIL,ISTO NAO E UMA SELVA ,SUSANNA ISERN,TELOS,900,64,57600
INFANTIL,MINHAS RODINHAS ,SEBASTIAN PELON,TELOS,900,69,62100
INFANTIL,O MUNDO DISSE SIM,KAIA DAHLE NYHUS,TELOS,900,69,62100
INFANTIL,A VIDA SECRETA DA NATUREZA,PATRICIA VELOSO,TERRA DA LUZ,900,40,36000
INFANTIL,AS ARVORES E SUAS HISTÓRIAS,PATRICIA VELOSO,TERRA DA LUZ,900,40,36000
INFANTIL,LORD VON E A PAULISTINHA,ELVIRA NADAI,TERRA DA LUZ,900,42,37800
INFANTIL,O SONHO DO MAR,ANTONIO FILHO,TERRA DA LUZ,900,42,37800
INFANTIL,A CASA DA MINHA AVÓ ,MANOEL CAVALCANTE,TIMBÚ,900,45,40500
INFANTIL,A CASA VELHA,ADRIANO GOMES,TIMBÚ,900,45,40500
INFANTIL,A ESCOLA DE DORINHA,MANOEL CAVALCANTE,TIMBÚ,900,49,44100
INFANTIL,A FESTA DO PIJAMA,DANIELLE MENESES,TIMBÚ,900,49,44100
INFANTIL,BAMBU,MARINA GADELHA,TIMBÚ,900,45,40500
INFANTIL,BICHOS DO MANGUE,LIA CABRAL,TIMBÚ,900,46,41400
INFANTIL,CONTE COMIGO,ROBSON RENATO,TIMBÚ,900,46,41400
INFANTIL,"MARINO, O CAVALO MARINHO",GABRIELA BARBALHO,TIMBÚ,900,46,41400
INFANTIL,O ALFABETO DE DORINHA,MANOEL CAVALCANTE,TIMBÚ,900,49,44100
,,,,,,9009000
,,,,,,
,,,,,,
INDICAÇÃO,TÍTULO,AUTOR,EDITORA,QUANT,VALOR UNITÁRIO,VALOR TOTAL
FUNDAMENTAL I,A VINGANÇA DE CHARLES TIBURONE,JOÃO UBALDO RIBEIRO,ALFAGUARA,1000,50,50000
FUNDAMENTAL I,BANDEIRA DE SÃO JOÃO ,RONALDO CORREIA,ALFAGUARA,1000,53,53000
FUNDAMENTAL I,A MOURA QUE NÃO ERA TORTA,ARLENE HOLANDA,ARMAZEM DA CULTURA,1000,64,64000
FUNDAMENTAL I,E SE EU PUDESSE COMER AS CORES?,ANGELO MENDES,BAGAÇO,1000,42,42000
FUNDAMENTAL I,MIUDINHA ,JESSIER QUIRINO,BAGAÇO,1000,32,32000
FUNDAMENTAL I,O GATINHO DO RABO MALHADO,ELITA FERREIRA,BAGAÇO,1000,38,38000
FUNDAMENTAL I,OS SETE CANDELABROS DE OURO ,MARIA DA GLORIA FREITAS,BAGAÇO,1000,39,39000
FUNDAMENTAL I,HAICONTOS DE FADAS,OBRA COLETIVA,BAMBOLÊ,1000,50,50000
FUNDAMENTAL I,VAMOS APOSTAR CORRIDA,HENRIQUE VALE,BAMBOLÊ,1000,50,50000
FUNDAMENTAL I,AURORA A BARATINHA,LENICE GOMES,BRASIL TROPICAL,1000,45,45000
FUNDAMENTAL I,BERNARDO SOB O CÉU ESTRELADO,VINÍCIOS FERRAZ,BRASIL TROPICAL,1000,45,45000
FUNDAMENTAL I,MARIA E MARIA,"LENICE GOMES, GLAÚCIA DE SOUZA",BRASIL TROPICAL,1000,40,40000
FUNDAMENTAL I,"CL - MISTERIO DA MUMIA, O - 1 ED - BR",WIDMARK MARTIN,CALLIS,1000,53,53000
FUNDAMENTAL I,CL - MISTERIO DO CINEMA - 1ED - BR,WIDMARK MARTIN,CALLIS,1000,53,53000
FUNDAMENTAL I,"CL - MISTERIO DO HOTEL, O - 1ED - BR",WIDMARK MARTIN,CALLIS,1000,53,53000
FUNDAMENTAL I,"CL - MISTERIO DOS DIAMANTES, O - 2ED - BR",WIDMARK MARTIN,CALLIS,1000,53,53000
FUNDAMENTAL I,CL - QUEM VAI FICAR COM O PESSEGO - TAN TAN - 2ED,YOON AH-HAE,CALLIS,1000,53,53000
FUNDAMENTAL I,CL - QUER LER UM LIVRO COMIGO? - 1ED - BR,LAWRENCE SCHIMEL,CALLIS,1000,53,53000
FUNDAMENTAL I,EMÍLIA,SOCORRO ACIOLLI,CASA DA PALAVRA,1000,50,50000
FUNDAMENTAL I,A DESCOBERTA DA AMÉRICA PELOS TURCOS,JORGE AMADO,COMPANHIA DAS LETRAS,1000,55,55000
FUNDAMENTAL I,A JANGADA DE PEDRA,JOSÉ SARAMAGO,COMPANHIA DAS LETRAS,1000,73,73000
FUNDAMENTAL I,A VIAGEM DO ELEFANTE (NOVA EDIÇÃO),JOSÉ SARAMAGO,COMPANHIA DAS LETRAS,1000,68,68000
FUNDAMENTAL I,COMPADRE DE OGUM ,JORGE AMADO,COMPANHIA DAS LETRAS,1000,50,50000
FUNDAMENTAL I,O SUMIÇO DA SANTA,JORGE AMADO,COMPANHIA DAS LETRAS,1000,83,83000
FUNDAMENTAL I,OS ÁSPEROS TEMPOS,JORGE AMADO,COMPANHIA DAS LETRAS,1000,68,68000
FUNDAMENTAL I,A BOLA E O GOLEIRO,JORGE AMADO,COMPANHIA DAS LETRINHAS,1000,44,44000
FUNDAMENTAL I,A RATINHA BRANCA DE PÉ-DE-VENTO E A BAGAGEM DE OTÁLIA,JORGE AMADO,COMPANHIA DAS LETRINHAS,1000,55,55000
FUNDAMENTAL I,BRANCA DE NEVE E AS SETE VERSÕES,"TORERO, JOSÉ ROBERTO; PIMENTA, MARCUS AURELIUS",COMPANHIA DAS LETRINHAS,1000,58,58000
FUNDAMENTAL I,BREVÍSSIMA HISTÓRIA DE QUASE TUDO,BILL BRYSON,COMPANHIA DAS LETRINHAS,1000,78,78000
FUNDAMENTAL I,CHAPEUZINHOS COLORIDOS,"TORERO, JOSÉ ROBERTO; PIMENTA, MARCUS AURELIUS",COMPANHIA DAS LETRINHAS,1000,58,58000
FUNDAMENTAL I,DEZ BONS CONSELHOS DE MEU PAI,JOÃO UBALDO RIBEIRO,COMPANHIA DAS LETRINHAS,1000,50,50000
FUNDAMENTAL I,EI! TEM ALGUÉM AÍ?,JOSTEIN GAARDER,COMPANHIA DAS LETRINHAS,1000,58,58000
FUNDAMENTAL I,GATO MALHADO E A ANDORINHA SINHÁ,JORGE AMADO,COMPANHIA DAS LETRINHAS,1000,50,50000
FUNDAMENTAL I,HISTÓRIAS DA PRETA,HELOISA PIRES LIMA,COMPANHIA DAS LETRINHAS,1000,60,60000
FUNDAMENTAL I,JOÃO E OS 10 PÉS DE FEIJÃO,"TORERO, JOSÉ ROBERTO; PIMENTA, MARCUS AURELIUS",COMPANHIA DAS LETRINHAS,1000,58,58000
FUNDAMENTAL I,JONAS E A SEREIA,ZELIA GATTAI,COMPANHIA DAS LETRINHAS,1000,53,53000
FUNDAMENTAL I,"MALALA, A MENINA QUE QUERIA IR PARA A ESCOLA",ADRIANA CARRANCA,COMPANHIA DAS LETRINHAS,1000,50,50000
FUNDAMENTAL I,MINHA QUERIDA ASSOMBRAÇÃO,REGINALDO PIRANDI,COMPANHIA DAS LETRINHAS,1000,53,53000
FUNDAMENTAL I,MINHAS FÁBULAS DE ESOPO,"ASH, RUSSELL; HIGTON, BERNARD",COMPANHIA DAS LETRINHAS,1000,60,60000
FUNDAMENTAL I,NAS RUAS DO BRÁS,DRAUZIO VARELLA,COMPANHIA DAS LETRINHAS,1000,58,58000
FUNDAMENTAL I,O CARTEIRO CHEGOU,ALLAN AHLBERG,COMPANHIA DAS LETRINHAS,1000,78,78000
FUNDAMENTAL I,O SEGREDO DA RUA 18,ZELIA GATTAI,COMPANHIA DAS LETRINHAS,1000,50,50000
FUNDAMENTAL I,ÓCULOS DE COR,LILIA MORITZ SCHWARC,COMPANHIA DAS LETRINHAS,1000,60,60000
FUNDAMENTAL I,PIPISTRELO DAS MIL CORES,ZELIA GATTAI,COMPANHIA DAS LETRINHAS,1000,53,53000
FUNDAMENTAL I,ZECA ERA DIFERENTE,NORMAN ROCKWELL,COMPANHIA DAS LETRINHAS,1000,53,53000
FUNDAMENTAL I,A MENINA QUE ENGARRAFAVA NUVENS,TÂNIA COSTA GARCIA,COMPOR,1000,57,57000
FUNDAMENTAL I,AINDA UMA FLOR RESTA,ALEXANDRE AZEVEDO; ELISA BECHUATE,COMPOR,1000,60,60000
FUNDAMENTAL I,BANZO: O PÁSSARO MÁGICO,REGINA MIRANDA,COMPOR,1000,58,58000
FUNDAMENTAL I,CADA UM NO SEU LUGAR,DENISE ROCHAEL,COMPOR,1000,59,59000
FUNDAMENTAL I,ELA NASCEU CLARICE,ANA RAPHA NUNES,COMPOR,1000,59,59000
FUNDAMENTAL I,HONORINA,REGINA MIRANDA,COMPOR,1000,57,57000
FUNDAMENTAL I,O SAPULANTE VIAJANTE,EDUSÁ,COMPOR,1000,56,56000
FUNDAMENTAL I,SEMENTE DE URSO,FERNANDO A. PIRES,COMPOR,1000,60,60000
FUNDAMENTAL I,SETE SAIAS DE FILÓ,ANDERSON DE OLIVEIRA,COMPOR,1000,59,59000
FUNDAMENTAL I,TONTON E A MINHOCACÁ,SILVANA DE MENEZES,COMPOR,1000,59,59000
FUNDAMENTAL I,A BOCA DO TAMANDUÁ,NANA LACERDA,CONHECIMENTO,1000,45,45000
FUNDAMENTAL I,A ORIGEM DO GUARANÁ,ROUXINOL DO RINARÉ,CONHECIMENTO,1000,50,50000
FUNDAMENTAL I,A REPARTIÇÃO DO MUNDO,ARLENE HOLANDA,CONHECIMENTO,1000,50,50000
FUNDAMENTAL I,O FOGO DE MINARÃ,EVARISTO GERALDO,CONHECIMENTO,1000,60,60000
FUNDAMENTAL I,UM FINAL QUASE FELIZ,ARLENE HOLANDA,CONHECIMENTO,1000,42,42000
FUNDAMENTAL I,A NOITE DOS PALHAÇOS MUDOS - HQ,LAERTE COUTINHO,CONRAD ,1000,10,10000
FUNDAMENTAL I,PRÉ O DRAMA DA ESCOLINHA - HQ,MAX ANDRADE,CONRAD ,1000,10,10000
FUNDAMENTAL I,A CANTINA DE DONA CALABRESA,LIANA LEÃO,CORTEZ,1000,52,52000
FUNDAMENTAL I,ABC E NUMERAIS - PRA BRINCAR E BOM DEMAIS,"BELINKY, TATIANA",CORTEZ,1000,52,52000
FUNDAMENTAL I,"AI, AI, ARIRANHA! ",WALTHER MOREIRA SANTOS,CORTEZ,1000,52,52000
FUNDAMENTAL I,ALGUEM VIU A BOLA ,JONAS RIBEIRO,CORTEZ,1000,46,46000
FUNDAMENTAL I,ÁRVORE,"PROTETI, JOAO",CORTEZ,1000,52,52000
FUNDAMENTAL I,CUTUCANDO A ONÇA COM A VARA CURTA ,FRANCISCO PIPIO,CORTEZ,1000,46,46000
FUNDAMENTAL I,DEZ HISTÓRIAS DE ONÇA,MARGA MOURA EGYPTO,CORTEZ,1000,63,63000
FUNDAMENTAL I,INSTRUÇÕES PARA CONSTRUIR UMA FLOR ,CHRISTINA DIAS,CORTEZ,1000,52,52000
FUNDAMENTAL I,MADIBA - O MENINO AFRICANO ,"BARBOSA, ROGERIO AND",CORTEZ,1000,52,52000
FUNDAMENTAL I,MINHA ALMA E MULHER - UMA HISTORIA DE AMOR,MARIA DA GLÓRIA CARDIA DE CASTRO,CORTEZ,1000,52,52000
FUNDAMENTAL I,O ELEFANTE E A BOLINHA DE SABÃO,MANUEL FILHO,CORTEZ,1000,52,52000
FUNDAMENTAL I,"VIVA EU, VIVA TU, VIVA O RABO DO TATU! ","GOMES, LENICE",CORTEZ,1000,52,52000
FUNDAMENTAL I,CHEGA DE BULLYING,EGIDIO TRAMBAIOLLI,CULTURA EDITORIAL,1000,48,48000
FUNDAMENTAL I,O CASAMENTO DE ZAZINHA,IRAY GALRÃO,CULTURA EDITORIAL,1000,30,30000
FUNDAMENTAL I,O QUE A GENTE FAZ? SE DIVIRTA E PINTA,MARCOS PEIXE,CULTURA EDITORIAL,1000,30,30000
FUNDAMENTAL I,O SUMIÇO DO MANECO,DANIELA DA HORA,CULTURA EDITORIAL,1000,20,20000
FUNDAMENTAL I,TERRA AZUL,DANIELA DA HORA,CULTURA EDITORIAL,1000,30,30000
FUNDAMENTAL I,BIA QUE TANTO LIA,SOCORRO ACIOLLI,DEMOCRITO ROCHA,1000,41,41000
FUNDAMENTAL I,BOTO CINZA COR DE CHUVA,RAYMUNDO NETTO,DEMOCRITO ROCHA,1000,45,45000
FUNDAMENTAL I,CONTOS DE TRAVESSIA,SOCORRO ACIOLLI,DEMOCRITO ROCHA,1000,60,60000
FUNDAMENTAL I,CORAÇÃO DE MOSAICO,MARILIA LOVATEL,DEMOCRITO ROCHA,1000,45,45000
FUNDAMENTAL I,MEU CADERNO DE BORDO,EFIGENIA ALVES,DEMOCRITO ROCHA,1000,54,54000
FUNDAMENTAL I,O MISTERIO DA PROFESSORA JULIETA,SOCORRO ACIOLLI,DEMOCRITO ROCHA,1000,49,49000
FUNDAMENTAL I,RACHEL DE QUEIROZ - UMA ESCRITA NO TEMPO,SOCORRO ACIOLLI,DEMOCRITO ROCHA,1000,62,62000
FUNDAMENTAL I,SOBRE OS FELIZES,SOCORRO ACIOLLI,DEMOCRITO ROCHA,1000,44,44000
FUNDAMENTAL I,TESOURO DA FELICIDADE ,KLEVISSON VIANA,DEMOCRITO ROCHA,1000,40,40000
FUNDAMENTAL I,VENDE - SE UMA FAMILIA,SOCORRO ACIOLLI,DEMOCRITO ROCHA,1000,51,51000
FUNDAMENTAL I,A LIÇÃO DAS CORES,MINO CASTELO BRANCO,DIZ,1000,40,40000
FUNDAMENTAL I,O MENINO ILUMINADO,MINO CASTELO BRANCO,DIZ,1000,40,40000
FUNDAMENTAL I,O PÁSSARO ENCANTADO,FERNANDO PAIXÃO,DIZ,1000,50,50000
FUNDAMENTAL I,PELONTHE,MINO CASTELO BRANCO,DIZ,1000,62,62000
FUNDAMENTAL I,A FENIX E O TAPETE,EDITH NESBIT,EDITORA 34,1000,62,62000
FUNDAMENTAL I,A INFANCIA DE MILTON,HAYDE,EDITORA 34,1000,53,53000
FUNDAMENTAL I,AS FÉRIAS DE MILTON,HAYDE,EDITORA 34,1000,53,53000
FUNDAMENTAL I,MARTA E A BICICLETA,GERMANO ZULLO,EDITORA 34,1000,49,49000
FUNDAMENTAL I,MARTA E O POVO,GERMANO ZULLO,EDITORA 34,1000,49,49000
FUNDAMENTAL I,A BICICLETA VOADORA,JONAS RIBEIRO,ELEMENTAR,1000,55,55000
FUNDAMENTAL I,NINA ÁFRICA - CONTOS DE UMA ÁFRICA MENINA PARA NINAR GENTE DE TODAS AS IDADES,"LENICE GOMES, ARLENE HOLANDA, CLAYSON GOMES",ELEMENTAR,1000,61,61000
FUNDAMENTAL I,O NAVIO,IRIS BORGES,ELEMENTAR,1000,47,47000
FUNDAMENTAL I,TANGOLOMANGO DOS CONTOS DE FADAS,HOZANA COSTA ,ELEMENTAR,1000,57,57000
FUNDAMENTAL I,A LENDA DA IARA,EVARISTO GERALDO DA SILVA ,ENSINAMENTO,1000,46,46000
FUNDAMENTAL I,A LENDA DA VITÓRIA-RÉGIA (NOVA EDIÇÃO),GONÇALO FERREIRA DA SILVA,ENSINAMENTO,1000,50,50000
FUNDAMENTAL I,A SAGA DE UM NORDESTINO OU O AMOR DE RIBAMAR E ESMERALDA: CORDEL ILUSTRADO,PAIVA NEVES,ENSINAMENTO,1000,30,30000
FUNDAMENTAL I,CECILIA ,"SILVANA DE MENEZES, THEOGNIS FLORENTINO",ENSINAMENTO,1000,50,50000
FUNDAMENTAL I,COLEÇÃO PARA CRESCER 1 - UMA COISA DEPENDE DA OUTRA,SIMÃO DE MIRANDA,ENSINAMENTO,1000,40,40000
FUNDAMENTAL I,COLEÇÃO PARA CRESCER 2 - O OUTRO LADO DA COISA,SIMÃO DE MIRANDA ,ENSINAMENTO,1000,28,28000
FUNDAMENTAL I,COLEÇÃO PARA CRESCER 3 - TODO DIFERENTE É IGUAL ALGUMA COISA,SIMÃO DE MIRANDA ,ENSINAMENTO,1000,40,40000
FUNDAMENTAL I,MINHA CIDADE - CORDEL ILUSTRADO ,STELIO TOQUATO LIMA ,ENSINAMENTO,1000,32,32000
FUNDAMENTAL I,O OUTRO LADO DE CADA COISA,SIMÃO DE MIRANDA,ENSINAMENTO,1000,40,40000
FUNDAMENTAL I,O RIO SÃO FRANCISCO ÁGUAS PARA QUEM TEM SEDE!,MANOEL MONTEIRO,ENSINAMENTO,1000,32,32000
FUNDAMENTAL I,TODO DIFERENTE E IGUAL EM ALGUMA COISA ,SIMAO MIRANDA,ENSINAMENTO,1000,36,36000
FUNDAMENTAL I,A FESTA QUE O SACI FEZ,GUILHERME NOBRE,FORT EDITORA,1000,55,55000
FUNDAMENTAL I,BRANCA DE ALGODÃO E OS SETE CURUPIRAS,CARHE MENESES,FORT EDITORA,1000,65,65000
FUNDAMENTAL I,CALANGO KID,SALGADO MARANHÃO,FORT EDITORA,1000,60,60000
FUNDAMENTAL I,CIRANDA DAS LETRAS,MÁRCIA MONTENEGRO,FORT EDITORA,1000,60,60000
FUNDAMENTAL I,CURUMIM E O SEGREDO DE HUTUKARA,MARCIA MONTENEGRO,FORT EDITORA,1000,50,50000
FUNDAMENTAL I,O DIA DO BACURÉ,MARCIO DEL PICCHIA,FORT EDITORA,1000,70,70000
FUNDAMENTAL I,PITOCO,MARCIA MONTENEGRO,FORT EDITORA,1000,50,50000
FUNDAMENTAL I,TODA GENTE É DIFERENTE,IANA MAMEDE,FORT EDITORA,1000,45,45000
FUNDAMENTAL I,UMA GRANDE LIÇÃO,ANA THAIS FEITOSA,FORT EDITORA,1000,60,60000
FUNDAMENTAL I,LUCIANA,GRACILIANO RAMOS,GALERA,1000,50,50000
FUNDAMENTAL I,O ESTRIBO DE PRATA ,GRACILIANO RAMOS,GALERA,1000,55,55000
FUNDAMENTAL I,REVIRAVENTO,GRACILIANO RAMOS,GALERA,1000,50,50000
FUNDAMENTAL I,A FAZENDA E A VIDA NO CAMPO, FRANCISCO ARREDONDO,GIRASSOL,1000,40,40000
FUNDAMENTAL I,O GRANDE LIVRO DAS FÁBULAS,JUAN JOSÉ FAMILIAR,GIRASSOL,1000,40,40000
FUNDAMENTAL I,TM - CONTOS DA CAROCHINHA,MAURICIO DE SOUSA,GIRASSOL,1000,85,85000
FUNDAMENTAL I,"TM - CONTOS DE ANDERSEN, GRIMM E PERRAULT",MAURICIO DE SOUSA,GIRASSOL,1000,85,85000
FUNDAMENTAL I,TM - FABULAS INESQUECIVEIS,MAURICIO DE SOUSA,GIRASSOL,1000,85,85000
FUNDAMENTAL I,TM - GRANDES CLASSICOS - CINDERELA,MAURICIO DE SOUSA,GIRASSOL,1000,65,65000
FUNDAMENTAL I,TM - GRANDES CLASSICOS - O MAGICO DE OZ,MAURICIO DE SOUSA,GIRASSOL,1000,65,65000
FUNDAMENTAL I,TM - GRANDES CLASSICOS - PINOQUIO,MAURICIO DE SOUSA,GIRASSOL,1000,65,65000
FUNDAMENTAL I,TUMA DA MÔNICA O GRANDE LIVRO DO CORPO HUMANO,MAURICIO DE SOUSA,GIRASSOL,1000,70,70000
FUNDAMENTAL I,TUMA DA MÔNICA: LENDA PARA CRIANÇAS,MAURICIO DE SOUSA,GIRASSOL,1000,45,45000
FUNDAMENTAL I,TURMA DA MÔNICA: MEU PRIMEIRO LIVRO DE FILHOTES,"MAURICIO , MONICA FLEISCHER",GIRASSOL,1000,40,40000
FUNDAMENTAL I,TURMA DA MÔNICA: MEU PRIMEIRO LIVRO SOBRE O PLANETA TERRA,MAURICIO DE SOUSA,GIRASSOL,1000,40,40000
FUNDAMENTAL I,A PRINCESA DE BAMBULUÁ,LUIS DA CAMARA CASCUDO,GLOBAL,1000,59,59000
FUNDAMENTAL I,ÁGUA MÃE,JOSE LINS DO REGO,GLOBAL,1000,75,75000
FUNDAMENTAL I,"ANDORINHA, ANDORINHA",MANUEL BANDEIRA,GLOBAL,1000,109,109000
FUNDAMENTAL I,AS FÉRIAS DE MIGUEL E PEDRO,RUTH ROCHA,GLOBAL,1000,55,55000
FUNDAMENTAL I,BERIMBAU E OUTROS POEMAS,MANUEL BANDEIRA,GLOBAL,1000,65,65000
FUNDAMENTAL I,CASA GRANDE E SENZALA EM QUADRINHOS,GILBERTO FREYRE,GLOBAL,1000,65,65000
FUNDAMENTAL I,CONTOS DE ANIMAIS,LUIS DA CAMARA CASCUDO,GLOBAL,1000,65,65000
FUNDAMENTAL I,CONTOS DO BAOBA - 4 CONTOS DA AFRICA OCIDENTAL,MATÉ,GLOBAL,1000,50,50000
FUNDAMENTAL I,DOIDINHO,JOSE LINS DO REGO,GLOBAL,1000,65,65000
FUNDAMENTAL I,ESTRELA DA MANHÃ,MANUEL BANDEIRA,GLOBAL,1000,59,59000
FUNDAMENTAL I,ESTRELA DA TARDE,MANUEL BANDEIRA,GLOBAL,1000,62,62000
FUNDAMENTAL I,FACÉCIAS,LUIS DA CAMARA CASCUDO,GLOBAL,1000,65,65000
FUNDAMENTAL I,FLAUTA DE PAPEL ,MANUEL BANDEIRA,GLOBAL,1000,59,59000
FUNDAMENTAL I,LENDAS BRASILEIRAS PARA JOVENS,LUIS DA CAMARA CASCUDO,GLOBAL,1000,65,65000
FUNDAMENTAL I,LIBERTINAGEM,MANUEL BANDEIRA,GLOBAL,1000,59,59000
FUNDAMENTAL I,LIRA DOS CINQUENTA ANOS,MANUEL BANDEIRA,GLOBAL,1000,59,59000
FUNDAMENTAL I,MARIA GOMES,LUIS DA CAMARA CASCUDO,GLOBAL,1000,59,59000
FUNDAMENTAL I,NA RUA DO SABÃO,MANUEL BANDEIRA,GLOBAL,1000,59,59000
FUNDAMENTAL I,O MARIDO DA MÃE D’AGUA E A PRINCESA E O GIGANTE,LUIS DA CAMARA CASCUDO,GLOBAL,1000,59,59000
FUNDAMENTAL I,O PAPAGAIO REAL ,LUIS DA CAMARA CASCUDO,GLOBAL,1000,59,59000
FUNDAMENTAL I,PRA BRINCAR,MANUEL BANDEIRA,GLOBAL,1000,59,59000
FUNDAMENTAL I,TREM DE FERRO,MANUEL BANDEIRA,GLOBAL,1000,59,59000
FUNDAMENTAL I,VOCÊ LEMBRA PAI?,DANIEL MUNDURUKU,GLOBAL,1000,55,55000
FUNDAMENTAL I,A ABELINHA QUE NÃO SABIA FAZER MEL,LU CHAMUSCA,IMEPH,1000,60,60000
FUNDAMENTAL I,A CIDADE DOS CARROS,MARCELO MÁRIO DE MELO,IMEPH,1000,45,45000
FUNDAMENTAL I,A GATA BORRALHEIRA,ANA THAIS FEITOSA,IMEPH,1000,50,50000
FUNDAMENTAL I,A LUA REFLETIU LENDAS NO BRASIL: VOLUME 2,"CRISTINA COLLARES, JOÃO COLLARES",IMEPH,1000,67,67000
FUNDAMENTAL I,A MENINA QUE DESCOBRIU O FORAM FELIZES PARA SEMPRE,SANY RIOS,IMEPH,1000,62,62000
FUNDAMENTAL I,A PASSAGEM SECRETA,SUSANA MORAIS,IMEPH,1000,40,40000
FUNDAMENTAL I,A PRINCESA JABURU E O SAPO CURURU,ANTÔNIO GUINHO,IMEPH,1000,65,65000
FUNDAMENTAL I,A SEMANA TEM SETE SONHOS,SALIZETE SOARES,IMEPH,1000,38,38000
FUNDAMENTAL I,A SEREIA ENCANTADA,ANA THAIS FEITOSA,IMEPH,1000,55,55000
FUNDAMENTAL I,A TURMA DO XAXADO: VOLUME 1 E 2,ANTONIO CEDRAZ,IMEPH,1000,75,75000
FUNDAMENTAL I,A VIAGEM DE MARINO,PAULO ANDRÉ VIANA,IMEPH,1000,45,45000
FUNDAMENTAL I,ABC DA MENINADA,CRISPINIANO NETO,IMEPH,1000,65,65000
FUNDAMENTAL I,ARIANO SUASSUNA,LUCÍLIA GARCEZ,IMEPH,1000,45,45000
FUNDAMENTAL I,AS LONGAS COLHERES,SELMA GINEZ,IMEPH,1000,46,46000
FUNDAMENTAL I,BÊ-A-BÁ DO BAOBÁ,ERNANDO ALVES DE CARVALHO,IMEPH,1000,38,38000
FUNDAMENTAL I,CANTOS DO MUNDO,CARMINHA GAMARANO,IMEPH,1000,40,40000
FUNDAMENTAL I,CAROLINA TROVÃO: SEU COLAR DE CORAIS E O RAIOZINHO DE SOL,VICÊNCIA JAGUARIBE,IMEPH,1000,40,40000
FUNDAMENTAL I,CRISTELA: A GALINHA DA CRISTA TORTA,"BETO CAFÉ, SILVIO BATISTA",IMEPH,1000,75,75000
FUNDAMENTAL I,DE REPENTE... ADIVINHA?,"ANA FABIOLA, LUIZ MARCELO",IMEPH,1000,40,40000
FUNDAMENTAL I,LÁPIS MÁGICO,CAMILLA INOJOSA,IMEPH,1000,45,45000
FUNDAMENTAL I,LEITURA ENCANTADA: GÊNEROS TEXTUAIS,OBRA COLETIVA,IMEPH,1000,160,160000
FUNDAMENTAL I,O ANIVERSARIANTE,JULIANA BARROSO TAVARES PARENTE,IMEPH,1000,40,40000
FUNDAMENTAL I,O AUTO DO BOI ENCANTADO,JOÃO GOMES DE SÁ,IMEPH,1000,50,50000
FUNDAMENTAL I,O COELHINHO ESQUISITO DESCOBRIU QUE É BONITO,LU CHAMUSCA,IMEPH,1000,45,45000
FUNDAMENTAL I,O ELEFANTE MÁGICO,MARCELO MÁRIO DE MELO,IMEPH,1000,40,40000
FUNDAMENTAL I,O ENCONTRO DO MÁGICO COM A BORBOLETA,MARISOL GINEZ ALBANO,IMEPH,1000,45,45000
FUNDAMENTAL I,O ESPÍRITO DAS CORES,MAVIAEL MELO,IMEPH,1000,55,55000
FUNDAMENTAL I,O LIVRO BORBOLETA,LAILSON DE HOLANDA CAVALCANTI,IMEPH,1000,70,70000
FUNDAMENTAL I,O LIVRO-PASSARINHO,EUGÊNIO LEANDRO,IMEPH,1000,38,38000
FUNDAMENTAL I,O MENINO QUE SONHAVA PASSARINHO,MACIEL MELO,IMEPH,1000,50,50000
FUNDAMENTAL I,O SEGREDO DAS SAPATILHAS DOURADAS,MARIJÔSE ALBUQUERQUE COSTA,IMEPH,1000,65,65000
FUNDAMENTAL I,ONDE NASCE A POESIA,EDNALDO VIEIRA DO NASCIMENTO,IMEPH,1000,42,42000
FUNDAMENTAL I,PEDRO PEREIRA PINTOR PORTUGUÊS,LENICE GOMES,IMEPH,1000,40,40000
FUNDAMENTAL I,PORQUE O GALO NÃO PODE VOLTAR AO PARAÍSO,SELMA GINEZ,IMEPH,1000,45,45000
FUNDAMENTAL I,RODA MUNDO,WALTER LARA,IMEPH,1000,50,50000
FUNDAMENTAL I,SÓ O SABIÁ SABIA,LENICE GOMES,IMEPH,1000,40,40000
FUNDAMENTAL I,SONHOS DE MEL,"BRUNO MONTEIRO, NANA LACERDA",IMEPH,1000,70,70000
FUNDAMENTAL I,UM CIRCO ASSIM EU QUERO PRA MIM,MARIJÔSE ALBUQUERQUE COSTA,IMEPH,1000,60,60000
FUNDAMENTAL I,UM COLO PARA AIAZINHA,SALIZETE SOARES,IMEPH,1000,50,50000
FUNDAMENTAL I,UMA ESCADA PARA O CÉU,POLLYABA GAMA E TALITA NOZOMI,IMEPH,1000,82,82000
FUNDAMENTAL I,UMA HISTÓRIA DIFERENTE,ARLENE HOLANDA,IMEPH,1000,42,42000
FUNDAMENTAL I,A LEOA QUE NÃO RIA AS SEXTAS-FEIRAS,DANIELLE LOURENÇO,INTELIGENIOS,1000,50,50000
FUNDAMENTAL I,A MÃE DA MENINA E A MENINA DA MÃE,FLAVIO DE SOUZA,INTELIGENIOS,1000,50,50000
FUNDAMENTAL I,DETETIVE OURIÇO,RODRIGO BRUNO,INTELIGENIOS,1000,50,50000
FUNDAMENTAL I,"GRILHERME, O SONHADOR",LUIZ MADRID,INTELIGENIOS,1000,65,65000
FUNDAMENTAL I,JANELA ,BETINA LIMANELLO,INTELIGENIOS,1000,72,72000
FUNDAMENTAL I,LILA E BETH,MARILIA LAMAS,INTELIGENIOS,1000,75,75000
FUNDAMENTAL I,MAE QUERO SER CIENTISTA,THOMAZ EDSON VELOSO,INTELIGENIOS,1000,72,72000
FUNDAMENTAL I,MUNDAREU,JOREL KULIK,INTELIGENIOS,1000,72,72000
FUNDAMENTAL I,"NO DIA EM QUE NASCI, TIO CELESTINO ME CONTOU QUE CRIAVA GALINHAS","ANDERSON NOVELLO, ",INTELIGENIOS,1000,50,50000
FUNDAMENTAL I,OS ADORAVEIS BILHETINHOS DA PROFESSORA ADA,"ANDERSON NOVELLO, ",INTELIGENIOS,1000,70,70000
FUNDAMENTAL I,PALHOCA O PALHACO ESPANTALHO DE PALHA,REGINA MARQUES,INTELIGENIOS,1000,72,72000
FUNDAMENTAL I,TEMPOS DE ENGRENAGEM,THALYNNI LAVOR,INTELIGENIOS,1000,50,50000
FUNDAMENTAL I,TRAVESSEIRO DE VENTO,NORMA CHIE ,INTELIGENIOS,1000,65,65000
FUNDAMENTAL I,ZUG E GUZ E GUZ E ZUG,ANDRE CURVELLO,INTELIGENIOS,1000,50,50000
FUNDAMENTAL I,CAFUTE E PENA DE PRATA,RACHEL DE QUEIROZ,JOSE OLYMPIO,1000,55,55000
FUNDAMENTAL I,O QUINZE,RACHEL DE QUEIROZ,JOSE OLYMPIO,1000,55,55000
FUNDAMENTAL I,ANINHAÇÃO,LUIZ ANTONIO AGUIAR,LÊ,1000,59,59000
FUNDAMENTAL I,O MENINO QUE INVENTOU O SERTÃO,ALEXANDRE AZEVEDO,LÊ,1000,59,59000
FUNDAMENTAL I,CONFUSÃO NA FAZENDA,FLÁVIO COLOMBINI,LUNIK,1000,25,25000
FUNDAMENTAL I,SOFIA,MAYANA NEIVA,LUNIK,1000,53,53000
FUNDAMENTAL I,A PLANTA CARNÍVORA DO LÉO,CLAUDIA SOUZA,MUNDO LEITURA,1000,51,51000
FUNDAMENTAL I,O MEU CORAÇÃO ESTÁ SEMPRE EM VIAGEM,DANIELA PALUMBO,MUNDO LEITURA,1000,55,55000
FUNDAMENTAL I,O REIZINHO E O ESPELHO,CLAUDIA LINS,MUNDO LEITURA,1000,40,40000
FUNDAMENTAL I,O TAMBOR ENCANTADO UMA HISTÓRIA DE AFETOS E REENCONTROS,CLAUDIA LINS,MUNDO LEITURA,1000,55,55000
FUNDAMENTAL I,A PENSÃO DE DONA BERTA E OUTRAS HISTÓRIAS PARA JOVENS,ARIANO SUASSUNA,NOVA FRONTEIRA,1000,55,55000
FUNDAMENTAL I,O AUTO DA COMPADECIDA,ARIANO SUASSUNA,NOVA FRONTEIRA,1000,55,55000
FUNDAMENTAL I,CONTOS E CRÔNICAS PARA LER NA ESCOLA,JOÃO UBALDO RIBEIRO,OBJETIVA,1000,65,65000
FUNDAMENTAL I,VIDA E PAIXÃO PANDONAR O CRUEL,JOÃO UBALDO RIBEIRO,OBJETIVA,1000,60,60000
FUNDAMENTAL I,COZINHEIRO ATRAPALHADO,SILVIO COSTA,PAULINAS,1000,40,40000
FUNDAMENTAL I,GOSTO DE POESIA ,CINTIA BARRETO,PAULINAS,1000,41,41000
FUNDAMENTAL I,HISTORIAS SOPRADAS VENTO,FABIO MONTEIRO,PAULINAS,1000,56,56000
FUNDAMENTAL I,CONTO DE ESCOLA EM QUADRINHOS,SILVINO,PEIROPOLIS,1000,72,72000
FUNDAMENTAL I,DE RODA EM RODA - BRINCANDO E CANTANDO O BRASIL,TECA ALENCAR,PEIROPOLIS,1000,96,96000
FUNDAMENTAL I,CARMEN: A GRANDE PEQUENA NOTÁVEL,"SEIXAS, HELOISA; ROMEU, JULIA",PEQUENA ZAHAR,1000,55,55000
FUNDAMENTAL I,ESTE É O LOBO,ALEXANDRE RAMPAZO,PEQUENA ZAHAR,1000,60,60000
FUNDAMENTAL I,EU QUERO UM CACHORRO,JON AGEE,PEQUENA ZAHAR,1000,53,53000
FUNDAMENTAL I,NA FLORESTA,ANTHONY BROWNIE,PEQUENA ZAHAR,1000,58,58000
FUNDAMENTAL I,NÃO DERRAME O LEITE!,"CORR, CHRISTOPHER; DAVIES, STEPHEN",PEQUENA ZAHAR,1000,55,55000
FUNDAMENTAL I,NINA,TRACI N. TODD,PEQUENA ZAHAR,1000,53,53000
FUNDAMENTAL I,O PROTESTO,EDUARDA LIMA,PEQUENA ZAHAR,1000,48,48000
FUNDAMENTAL I,O TÚNEL,ANTHONY BROWNIE,PEQUENA ZAHAR,1000,58,58000
FUNDAMENTAL I,SELVAGEM,EMILY HUGHES,PEQUENA ZAHAR,1000,58,58000
FUNDAMENTAL I,LEOZINHO O DETETIVE EM O CASO MISTERIOSO,FERNANDA DE OLIVEIRA,QU4TRO,1000,45,45000
FUNDAMENTAL I,O CANTO DO MENINO VIAJANTE,FERNANDA DE OLIVEIRA,QU4TRO,1000,50,50000
FUNDAMENTAL I,O DIA EM QUE PERDI O MEU CELULAR,CARLOS COLONA,QU4TRO,1000,50,50000
FUNDAMENTAL I,A TERRA DOS MENINOS PELADOS,GRACILIANO RAMOS,RECORD,1000,55,55000
FUNDAMENTAL I,VIDAS SECAS,GRACILIANO RAMOS,RECORD,1000,55,55000
FUNDAMENTAL I,A VOZ DA VIDA,REGINE RAYMOND,ROVELLE,1000,60,60000
FUNDAMENTAL I,DUDA CATA TUDO,SHEILA KAPLAN,ROVELLE,1000,55,55000
FUNDAMENTAL I,MARIA PINGO DAGUA,FATIMA BORGHOFF,ROVELLE,1000,53,53000
FUNDAMENTAL I,O REI QUE NASCEU QUADRADO,MARÍLIA OLIVEIRA,SAÍRA,1000,47,47000
FUNDAMENTAL I,ROBÔ NÃO SOLTA PUM,ANDRÉ ABUJAMRA,SAÍRA,1000,40,40000
FUNDAMENTAL I,A DAMA DE BRANCO,GRAZIELA DOMINI; EDSOLEDA SANTOS,SOLISLUNA,1000,35,35000
FUNDAMENTAL I,A INCRÍVEL SERENA CONTRA O TEMÍVEL ASPIRALDO,NATÁLIA PAIVA,SOLISLUNA,1000,60,60000
FUNDAMENTAL I,A LAGARTA QUE SONHAVA VOAR,SÉRGIO PEREZ,SOLISLUNA,1000,60,60000
FUNDAMENTAL I,A UNIÃO FAZ A COLCHA,ENÉAS GUERRA; ANTONIO MIRANDA,SOLISLUNA,1000,60,60000
FUNDAMENTAL I,"ERNESTO, O LEÃO FAMINTO",GUSTI LOLA CASAS,SOLISLUNA,1000,60,60000
FUNDAMENTAL I,MARGARIDA BEM-ME-QUER,DÉBORA KNITTEL,SOLISLUNA,1000,55,55000
FUNDAMENTAL I,MARTIN BARULIM - OS SONS DO BEBÊ,NATÁLIA PAIVA,SOLISLUNA,1000,50,50000
FUNDAMENTAL I,O GOSTO DO MORANGO,NATHALIE GUERREIRO,SOLISLUNA,1000,55,55000
FUNDAMENTAL I,O IALORIXÁ E O PAJÉ,MÃE STELLA DE OXÓSSI,SOLISLUNA,1000,65,65000
FUNDAMENTAL I,QUANDO SOMOS UM SÓ,ALESSANDRO MARIMPIETRI,SOLISLUNA,1000,60,60000
FUNDAMENTAL I,QUE BICHO DOIDO!,ENÉAS GUERRA,SOLISLUNA,1000,40,40000
FUNDAMENTAL I,SAÍRA SETE CORES,DÉBORA KNITTEL,SOLISLUNA,1000,55,55000
FUNDAMENTAL I,TECELAGEM,GOYA LOPES,SOLISLUNA,1000,60,60000
FUNDAMENTAL I,GIGANTE DO CORAÇÃO AZUL,ANA CAROLINA LEMOS,SUINARA,1000,50,50000
FUNDAMENTAL I,O DIARIO DE EVELYN - UM NOVO NORMAL,LUANA CARDIM,SUINARA,1000,58,58000
FUNDAMENTAL I,O POMAR DAS MAÇAS DOURADAS,SERGIO MERLI,SUINARA,1000,51,51000
FUNDAMENTAL I,AS AVENTURAS DE LULUCA NA PARAÍBA ENCANTADA,CLOTILDE TAVARES,TIMBÚ,1000,55,55000
FUNDAMENTAL I,AS RÃS CANTAVAM COMO PASSARINHO,ANA CLAÚDIA TRIGUEIRO,TIMBÚ,1000,50,50000
FUNDAMENTAL I,DANTE O ELEFANTE,LOUISE FERNANDES,TIMBÚ,1000,55,55000
FUNDAMENTAL I,FLORIANÓPOLIS: PARA CONHECER E AMAR,CRISTINA SANTOS,TIMBÚ,1000,55,55000
FUNDAMENTAL I,JULINHA E OS SEGREDOS DO CEARÁ,YANE CORDEIRO,TIMBÚ,1000,55,55000
FUNDAMENTAL I,MEU RECIFE MINHA CIDADE,IGO MARIANO,TIMBÚ,1000,55,55000
FUNDAMENTAL I,"NATAL, COMO EU TE AMO",ANDREIA REGINA MENDES,TIMBÚ,1000,55,55000
FUNDAMENTAL I,O ANEL DE GIGES,FABIO BRAZZA ,TIMBÚ,1000,43,43000
FUNDAMENTAL I,O CIRCO,MANOEL CAVALCANTE,TIMBÚ,1000,45,45000
FUNDAMENTAL I,O FANTÁSTICO MUNDO DO SAL,ROGERIOTAYGRA,TIMBÚ,1000,55,55000
FUNDAMENTAL I,O MENINO LIVRO,MANOEL CAVALCANTE,TIMBÚ,1000,45,45000
FUNDAMENTAL I,O TESOURO DE FORTALEZA,DANILO FONTENELLE,TIMBÚ,1000,55,55000
FUNDAMENTAL I,PENSAMENTO INVERSO,FABIO BRAZZA ,TIMBÚ,1000,44,44000
FUNDAMENTAL I,SE FALA ASSIM NO SERTÃO,MANOEL CAVALCANTE,TIMBÚ,1000,43,43000
FUNDAMENTAL I,"TÃO PERTO, TÃO LONGE",MANOEL CAVALCANTE,TIMBÚ,1000,46,46000
FUNDAMENTAL I,CADÊ?,REGINA MENDES ,TRILHA EDUCACIONAL,1000,30,30000
FUNDAMENTAL I,ESPERANDO PELAS ONDAS,MICHELLE NKAMANKENG,TRILHA EDUCACIONAL,1000,30,30000
FUNDAMENTAL I,FÁBULAS DE ESOPO,ESOPO E OUTROS ,TRILHA EDUCACIONAL,1000,33,33000
FUNDAMENTAL I,MORANDO NO ESPAÇO -  LIVING IN SAPCE,JOÃO PAULO GUERRA BARRERA,TRILHA EDUCACIONAL,1000,56,56000
FUNDAMENTAL I,O ANIVERSÁRIO DO LEÃO ,ANA ROBERTA DE OLIVEIRA,TRILHA EDUCACIONAL,1000,40,40000
FUNDAMENTAL I,OS MIL TSURUS,NALU SAAD,TRILHA EDUCACIONAL,1000,26,26000
FUNDAMENTAL I,A CASA QUE ASSOVIAVA,MARTA LAGARTA,YELLOWFONTE,1000,65,65000
,,,,,,15558000
,,,,,,
,,,,,,
INDICAÇÃO,TÍTULO,AUTOR,EDITORA,QUANT,VALOR UNITÁRIO,VALOR TOTAL
FUNDAMENTAL II,UMA HISTÓRIA DAS COPAS DO MUNDO - VOL. 1 ,AIRTON FARIAS, ARMAZEM DA CULTURA ,1100,83,91300
FUNDAMENTAL II,UMA HISTÓRIA DAS COPAS DO MUNDO - VOL. 2 ,AIRTON FARIAS, ARMAZEM DA CULTURA ,1100,82,90200
FUNDAMENTAL II,A CASA DOS BUDAS DITOSOS,JOÃO UBALDO RIBEIRO,ALFAGUARA,1100,80,88000
FUNDAMENTAL II,A ESCOLA DAS FACAS / AUTO DO FRADE,JOÃO CABRAL DE MELO NETO,ALFAGUARA,1100,85,93500
FUNDAMENTAL II,A LITERATURA COMO TURISMO,JOÃO CABRAL DE MELO NETO,ALFAGUARA,1100,80,88000
FUNDAMENTAL II,AGRESTES,JOÃO CABRAL DE MELO NETO,ALFAGUARA,1100,85,93500
FUNDAMENTAL II,ANTOLOGIA POÉTICA,MARIO QUINTANA,ALFAGUARA,1100,85,93500
FUNDAMENTAL II,CRIME NA CALE RELATOR / SERVILHA ANDANDO,JOÃO CABRAL DE MELO NETO,ALFAGUARA,1100,85,93500
FUNDAMENTAL II,DIÁRIO DAS COINCIDÊNCIAS,"CARRASCOZA, JOÃO ANZANELLO",ALFAGUARA,1100,75,82500
FUNDAMENTAL II,EDUCAÇÃO PELA PEDRA,JOÃO CABRAL DE MELO NETO,ALFAGUARA,1100,95,104500
FUNDAMENTAL II,ENSAIOS FOTOGRÁFICOS,MANOEL DE BARROS,ALFAGUARA,1100,80,88000
FUNDAMENTAL II,FELIZ ANO VELHO,"PAIVA, MARCELO RUBENS",ALFAGUARA,1100,80,88000
FUNDAMENTAL II,MORTE E VIDA SEVERINA,JOÃO CABRAL DE MELO NETO,ALFAGUARA,1100,80,88000
FUNDAMENTAL II,MUSEU FE TUDO,JOÃO CABRAL DE MELO NETO,ALFAGUARA,1100,90,99000
FUNDAMENTAL II,NOITES LEBLONINAS,JOÃO UBALDO RIBEIRO,ALFAGUARA,1100,70,77000
FUNDAMENTAL II,NOTAS SOBRE UMA POSSÍVEL A CASA DE FARINHA,JOÃO CABRAL DE MELO NETO,ALFAGUARA,1100,80,88000
FUNDAMENTAL II,O ARTISTA INCONFESSÁVEL,JOÃO CABRAL DE MELO NETO,ALFAGUARA,1100,85,93500
FUNDAMENTAL II,O CÃO SEM PLUMAS,JOÃO CABRAL DE MELO NETO,ALFAGUARA,1100,85,93500
FUNDAMENTAL II,O MEU QUINTAL É MAIOR DO QUE O MUNDO,MANOEL DE BARROS,ALFAGUARA,1100,85,93500
FUNDAMENTAL II,O QUE VEM AL CASO,JOÃO CABRAL DE MELO NETO,ALFAGUARA,1100,75,82500
FUNDAMENTAL II,O SORRISO DO LAGARTO,JOÃO UBALDO RIBEIRO,ALFAGUARA,1100,95,104500
FUNDAMENTAL II,POEMAS NEGROS,JORGE DE LIMA,ALFAGUARA,1100,75,82500
FUNDAMENTAL II,POESIA COMPLETA,JOÃO CABRAL DE MELO NETO,ALFAGUARA,1100,250,275000
FUNDAMENTAL II,POESIA TE ESCREVO AGORA,JOÃO CABRAL DE MELO NETO,ALFAGUARA,1100,85,93500
FUNDAMENTAL II,SETEMBRO NÃO TEM SENTIDO,JOÃO UBALDO RIBEIRO,ALFAGUARA,1100,85,93500
FUNDAMENTAL II,VENCECAVALO E O OUTRO POVO,JOÃO UBALDO RIBEIRO,ALFAGUARA,1100,80,88000
FUNDAMENTAL II,VILA REAL,JOÃO UBALDO RIBEIRO,ALFAGUARA,1100,80,88000
FUNDAMENTAL II,VIVA O POVO BRASILEIRO,JOÃO UBALDO RIBEIRO,ALFAGUARA,1100,150,165000
FUNDAMENTAL II,PREFIRO GENTE,KATIANA RIGAUD,AMÉLIE EDITORIAL,1100,45,49500
FUNDAMENTAL II,CONTOS POPULARES DO BRASIL,SILVIO ROMERO,ARMAZEM DA CULTURA,1100,65,71500
FUNDAMENTAL II,CRONICAS DA ALDEIA,LIRA NETO,ARMAZEM DA CULTURA,1100,68,74800
FUNDAMENTAL II,O OLHAR DE LEONARDO DA VINCI,CLETO B. PONTES,ARMAZEM DA CULTURA,1100,51,56100
FUNDAMENTAL II,O PESO DA LUZ,SOCORRO ACIOLI,ARMAZEM DA CULTURA,1100,64,70400
FUNDAMENTAL II,O SABER DO TEMPO,ARLENE HOLANDA,ARMAZEM DA CULTURA,1100,67,73700
FUNDAMENTAL II,"PLANTOU PALAVRA, COLHEU POESIA",SOCORRO ACIOLI,ARMAZEM DA CULTURA,1100,58,63800
FUNDAMENTAL II,MEMORIAL DE MARIA MOURA,RACHEL DE QUEIROZ,BESTBOLSO,1100,40,44000
FUNDAMENTAL II,A PASSAGEM PROIBIDA,MUSTAFA YAZBEK,BRASIL TROPICAL,1100,15,16500
FUNDAMENTAL II,MORFEU O SENHOR DOS SONHOS NO MUNDO DO FAZ DE CONTA,PAIVA NEVES,BRASIL TROPICAL,1100,15,16500
FUNDAMENTAL II,SHAKESPEARE- UMA AVENTURA NO SERTÃO,ARIEVALDO VIANA,BRASIL TROPICAL,1100,30,33000
FUNDAMENTAL II,ALIKA,REGINA LUZ,CARAMURÊ,1100,69,75900
FUNDAMENTAL II,AVENTURAS E TRAVESSURAS NO 2 DE JULHO,NEIDE CORTIZO,CARAMURÊ,1100,64,70400
FUNDAMENTAL II,BOCA DE CENA,CLEISE FURTADO MENDES,CARAMURÊ,1100,64,70400
FUNDAMENTAL II,DOMINGO NA PRAÇA,NEIDE CORTIZO,CARAMURÊ,1100,64,70400
FUNDAMENTAL II,ESTELINHA,CRISTINA CUNHA,CARAMURÊ,1100,64,70400
FUNDAMENTAL II,EU E MEU LUGAR,VANIA ABREU,CARAMURÊ,1100,64,70400
FUNDAMENTAL II,FAROL,MABEL VELLOSO,CARAMURÊ,1100,60,66000
FUNDAMENTAL II,GABRIEL E O ANJO DA BAGUNÇA,CLEISE FURTADO MENDES,CARAMURÊ,1100,45,49500
FUNDAMENTAL II,"LÂMPADAS, LAMPARINAS E LAMPIÓES",NEIDE CORTIZO,CARAMURÊ,1100,64,70400
FUNDAMENTAL II,"MAILON, O CÃO QUE LATE PARA O ESPELHO",SAULO DOURADO,CARAMURÊ,1100,56,61600
FUNDAMENTAL II,MARTAGÃO CONTRA O DRAGÃO,MARIA ANTÔNIA RAMOS COUTINHO,CARAMURÊ,1100,64,70400
FUNDAMENTAL II,O LIVRO DAS HISTÓRIAS QUE SE MISTURAM,NEIDE CORTIZO,CARAMURÊ,1100,64,70400
FUNDAMENTAL II,O SAPO GENERAL E A MENINA RAFINHA,JADELSON ANDRADE,CARAMURÊ,1100,50,55000
FUNDAMENTAL II,POEMINHAS NATURAIS,FERNANDO PESSOA,CARAMURÊ,1100,64,70400
FUNDAMENTAL II,QUEM ESTÁ AÍ?,NEIDE CORTIZO,CARAMURÊ,1100,64,70400
FUNDAMENTAL II,SUPER-HERÓIS LAVAM A LOUÇA?,SAULO DOURADO,CARAMURÊ,1100,55,60500
FUNDAMENTAL II,"THEODORO, UMA VIAGEM NO ONTEM",MABEL VELLOSO,CARAMURÊ,1100,64,70400
FUNDAMENTAL II,TIA CIATA E UM SONHO DE MENINA,LENA LÓIS,CARAMURÊ,1100,64,70400
FUNDAMENTAL II,A FERA DO CANAVIAL,ALMIR MOTA,CASA DA PROSA,1100,40,44000
FUNDAMENTAL II,O SERTANEJO E A MOÇA ENCANTADA,ALMIR MOTA,CASA DA PROSA,1100,40,44000
FUNDAMENTAL II,CASTRO ALVES - O POETA DA ABOLIÇÃO ,CASTRO ALVES,CASA DE LETRAS,1100,53,58300
FUNDAMENTAL II,CEM GRILOS ,HENRI MEUNIER ,CASA DE LETRAS,1100,38,41800
FUNDAMENTAL II,"ENCONTROS DE HISTORIAS - DO ARCO IRIS A LUA, DO BRASIL A AFRICA ",REGINA CLARO,CASA DE LETRAS,1100,34,37400
FUNDAMENTAL II,FAUSTO,JOHANN WOLFGANG,CASA DE LETRAS,1100,38,41800
FUNDAMENTAL II,GANDHI - MINHA VIDA É MINHA MENSAGEM,JASON QUINN,CASA DE LETRAS,1100,155,170500
FUNDAMENTAL II,GUILHERME TELL,FRIEDERICH SCHILLER,CASA DE LETRAS,1100,38,41800
FUNDAMENTAL II,LEONARDO DA VINCI - HOMEM DA RENANCENÇA,DAN DANKO,CASA DE LETRAS,1100,82,90200
FUNDAMENTAL II,"NATAN, O SABIO",GOTTHOLD EPHRAIM ,CASA DE LETRAS,1100,58,63800
FUNDAMENTAL II,NELSON MANDELA,REGONA TRIVINO,CASA DE LETRAS,1100,135,148500
FUNDAMENTAL II,OS IRMÃOS BIGODE,ALEX COUSSEAU ,CASA DE LETRAS,1100,38,41800
FUNDAMENTAL II,OS TRABALHOS DE HERCULES,RYAN FOLEY,CASA DE LETRAS,1100,125,137500
FUNDAMENTAL II,LEMBRAR É FÁCIL,PALMARÍ H. DE LUCENA,ALBATROZ,1100,19,20900
FUNDAMENTAL II,SONHO DE UMA NOITE DE VERÃO E O MERCADOR DE VENEZA,WILLIAN SHAKESPEARE,CEREJA EDITORA,1100,48,52800
FUNDAMENTAL II,RIO DAS ALMAS,PAWLO CIDADE,CHIADO BOOKS,1100,47,51700
FUNDAMENTAL II,A CASA DO RIO VERMELHO,ZELIA GATTAI,COMPANHIA DAS LETRAS,1100,90,99000
FUNDAMENTAL II,A COMIDA BAIANA DE JORGE AMADO,JORGE AMADO,COMPANHIA DAS LETRAS,1100,200,220000
FUNDAMENTAL II,ABC DE CASTRO ALVES,JORGE AMADO ,COMPANHIA DAS LETRAS,1100,100,110000
FUNDAMENTAL II,"ANARQUISTAS, GRAÇAS A DEUS",ZELIA GATTAI,COMPANHIA DAS LETRAS,1100,90,99000
FUNDAMENTAL II,AS FRUTAS DE JORGE AMADO,JORGE AMADO,COMPANHIA DAS LETRAS,1100,130,143000
FUNDAMENTAL II,BAHIA DE TODOS OS SANTOS,JORGE AMADO ,COMPANHIA DAS LETRAS,1100,110,121000
FUNDAMENTAL II,CACAU,JORGE AMADO,COMPANHIA DAS LETRAS,1100,85,93500
FUNDAMENTAL II,CAPITÃES DE AREIA,JORGE AMADO,COMPANHIA DAS LETRAS,1100,80,88000
FUNDAMENTAL II,CAVALEIRO DA ESPERANÇA,JORGE AMADO,COMPANHIA DAS LETRAS,1100,110,121000
FUNDAMENTAL II,CHÃO DE MENINOS,ZELIA GATTAI,COMPANHIA DAS LETRAS,1100,80,88000
FUNDAMENTAL II,CITTA DI ROMA,ZELIA GATTAI,COMPANHIA DAS LETRAS,1100,80,88000
FUNDAMENTAL II,CÓDIGOS DE FAMÍLIA,ZELIA GATTAI,COMPANHIA DAS LETRAS,1100,75,82500
FUNDAMENTAL II,CRÔNICA DE UMA NAMORADA,ZELIA GATTAI,COMPANHIA DAS LETRAS,1100,80,88000
FUNDAMENTAL II,GABRIELA CRAVO E CANELA,JORGE AMADO,COMPANHIA DAS LETRAS,1100,110,121000
FUNDAMENTAL II,IDÉIAS PARA ADIAR O FIM DO MUNDO,AILTON KRENAK,COMPANHIA DAS LETRAS,1100,50,55000
FUNDAMENTAL II,JARDIM DE INVERNO,ZELIA GATTAI,COMPANHIA DAS LETRAS,1100,90,99000
FUNDAMENTAL II,MEMORIAL DO AMOR E VACINA DE SAPO,ZELIA GATTAI,COMPANHIA DAS LETRAS,1100,80,88000
FUNDAMENTAL II,NASSAU,EVALDO CABRAL DE MELO ,COMPANHIA DAS LETRAS,1100,80,88000
FUNDAMENTAL II,O CONTADOR DE HISTÓRIAS,JORGE AMADO,COMPANHIA DAS LETRAS,1100,65,71500
FUNDAMENTAL II,O MENINO GRAPIÚNA,JORGE AMADO,COMPANHIA DAS LETRAS,1100,75,82500
FUNDAMENTAL II,O MILAGRE DOS PÁSSAROS,JORGE AMADO ,COMPANHIA DAS LETRAS,1100,75,82500
FUNDAMENTAL II,O PAÍS DO CARNAVAL,JORGE AMADO ,COMPANHIA DAS LETRAS,1100,85,93500
FUNDAMENTAL II,POEMAS ESCOLHIDOS DE GREGÓRIO DE MATOS,GREGORIO DE MATOS,COMPANHIA DAS LETRAS,1100,80,88000
FUNDAMENTAL II,SÃO JORGE DOS ILHÉUS,JORGE AMADO ,COMPANHIA DAS LETRAS,1100,100,110000
FUNDAMENTAL II,SEARA VERMELHA,JORGE AMADO,COMPANHIA DAS LETRAS,1100,100,110000
FUNDAMENTAL II,SÓ PROSA,ARMANDO FREITAS FILHO,COMPANHIA DAS LETRAS,1100,75,82500
FUNDAMENTAL II,SUOR,JORGE AMADO,COMPANHIA DAS LETRAS,1100,85,93500
FUNDAMENTAL II,TÁ TODO MUNDO MAL,JOUT JOUT,COMPANHIA DAS LETRAS,1100,60,66000
FUNDAMENTAL II,TENDA DOS MILAGRES,TENDA DOS MILAGRES,COMPANHIA DAS LETRAS,1100,100,110000
FUNDAMENTAL II,TEREZA BATISTA CANSADA DE GUERRA,JORGE AMADO,COMPANHIA DAS LETRAS,1100,120,132000
FUNDAMENTAL II,TERRAS DO SEM-FIM,JORGE AMADO ,COMPANHIA DAS LETRAS,1100,95,104500
FUNDAMENTAL II,TIETA DO AGRESTE,JORGE AMADO ,COMPANHIA DAS LETRAS,1100,130,143000
FUNDAMENTAL II,TOCAIA GRANDE,JORGE AMADO ,COMPANHIA DAS LETRAS,1100,120,132000
FUNDAMENTAL II,TUDO DEPENDE DE COMO VOCÊ VÊ AS COISAS,NORTON JUSTER,COMPANHIA DAS LETRAS,1100,75,82500
FUNDAMENTAL II,UM CHAPÉU PARA VIAGEM,ZELIA GATTAI,COMPANHIA DAS LETRAS,1100,90,99000
FUNDAMENTAL II,A AGUADEIRA E A FLOR,ARLENE HOLANDA,CONHECIMENTO,1100,50,55000
FUNDAMENTAL II,A PARTILHA DE OLORUM,ARLENE HOLANDA,CONHECIMENTO,1100,60,66000
FUNDAMENTAL II,AS BABUCHAS DE ABU KASEM,MARCO HAURÉLIO,CONHECIMENTO,1100,60,66000
FUNDAMENTAL II,"CONTOS, CRÔNICAS E CORDÉIS",MARCOS MAIRTON,CONHECIMENTO,1100,38,41800
FUNDAMENTAL II,CORDEL DE TRANCOSO,ARLENE HOLANDA,CONHECIMENTO,1100,50,55000
FUNDAMENTAL II,CUMPLICE DA NATUREZA ,MANOEL JERONIMO,CONHECIMENTO,1100,49,53900
FUNDAMENTAL II,DRAGÃO DO MAR E SEU TEMPO,AUDIFAX RIOS,CONHECIMENTO,1100,140,154000
FUNDAMENTAL II,JOÃO DESTEMIDO E AS TRÊS FOLHAS DA SERPENTE,MARCO HAURÉLIO,CONHECIMENTO,1100,40,44000
FUNDAMENTAL II,O QUILOMBO DO ENCANTADO,MARCOS MAIRTON,CONHECIMENTO,1100,50,55000
FUNDAMENTAL II,SOMOS TODOS AFRICANOS,FERNANDO PAIXÃO,CONHECIMENTO,1100,50,55000
FUNDAMENTAL II,UMA DONZELA QUE ERA FERA,ARLENE HOLANDA,CONHECIMENTO,1100,67,73700
FUNDAMENTAL II,A HISTÓRIA DE HERMES,"LOPES, PAULO CESAR",CORTEZ,1100,59,64900
FUNDAMENTAL II,A RETIRADA DA LAGUNA EM QUADRINHOS,ALFREDO D'ESCRAGNOLLE TAUNAY,CORTEZ,1100,59,64900
FUNDAMENTAL II,A UNIÃO FAZ A FORÇA - A VIDA DAS ABELHAS SOCIAIS,CRISTINA SANTOS ,CORTEZ,1100,46,50600
FUNDAMENTAL II,CHINELINHOS BRASILEIROS ,SILMARA RASCALHA CASADEI,CORTEZ,1100,54,59400
FUNDAMENTAL II,CISNE BRANCO ,MARCOS VINICIUS LUCIO,CORTEZ,1100,61,67100
FUNDAMENTAL II,DICIONARIO DE CITACOES - AS MAIS BELAS PALAVRAS PARA JOVENS LEITORES,DANIEL BELLU CONTRO,CORTEZ,1100,59,64900
FUNDAMENTAL II,JOÃO CABRAL E JOSUÉ DE CASTRO CONVERSA,TERESA SALES,CORTEZ,1100,32,35200
FUNDAMENTAL II,MEMORIAS DE UM MENINO QUE SE TORNOU ESTRANGEIRO,MARCOS CEZAR ,CORTEZ,1100,71,78100
FUNDAMENTAL II,MISTERIO EM VERDEJANTES,SEVERINO RODRIGUES,CORTEZ,1100,61,67100
FUNDAMENTAL II,O SERTÃO DO CONSELHEIRO ANTONIO,LUCIANA SAVAGET,CORTEZ,1100,59,64900
FUNDAMENTAL II,POEMAS DO JARDIM,PENELÓPE MARTINS; TATI MÓES,CORTEZ,1100,55,60500
FUNDAMENTAL II,SETE POVOS DAS MISSÕES EM QUADRINHOS,WALTER VETILLO,CORTEZ,1100,64,70400
FUNDAMENTAL II,TESTEMUNHA CALADA - ARTE NA PRÉ-HISTÓRIA ,DENISE ROCHAEL,CORTEZ,1100,61,67100
FUNDAMENTAL II,VOZES DO SERTÃO,LENICE GOMES,CORTEZ,1100,72,79200
FUNDAMENTAL II,ROMEU E JULIETA - HQ ,WILLIAM SHAKESPEARE,DCL,1100,48,52800
FUNDAMENTAL II,DIGA ASTRASGUD,SOCORRO ACIOLI,DEMOCRITO ROCHA,1100,44,48400
FUNDAMENTAL II,NO COLO DAS IABAS,VANIA VASCONCELOS,DEMOCRITO ROCHA,1100,100,110000
FUNDAMENTAL II,ARIANO SUASSUNA: A ARTE DE SUA ARTE,NEROALDO PONTES DE AZÊVEDO,EDDAS,1100,53,58300
FUNDAMENTAL II,HAMLET - COLEÇÃO SHAKSPEARE,WILLIAM SHAKESPEARE,EDITORA GRAFSET,1100,53,58300
FUNDAMENTAL II,MACBETH - COLEÇÃO SHAKSPEARE,WILLIAM SHAKESPEARE,EDITORA GRAFSET,1100,79,86900
FUNDAMENTAL II,MAGICO DE OZ - COLEÇÃO INTERNACIONAL,MARTIN POWELL,EDITORA GRAFSET,1100,79,86900
FUNDAMENTAL II,REI ARTUR E OS CAVALEIROS DA TÁVOLA REDONDA ,M. C. HALL,EDITORA GRAFSET,1100,53,58300
FUNDAMENTAL II,ROBIN HOOD - COLEÇÃO INTERNACIONAL,AARON SHEPARD E ANNE L. WATSON,EDITORA GRAFSET,1100,79,86900
FUNDAMENTAL II,ROMEU E JULIETA - COLEÇÃO SHAKESPEARE,WILLIAM SHAKESPEARE,EDITORA GRAFSET,1100,79,86900
FUNDAMENTAL II,SONHO DE UMA NOITE DE VERÃO - COLEÇÃO SHAKESPEARE,WILLIAM SHAKESPEARE,EDITORA GRAFSET,1100,79,86900
FUNDAMENTAL II,O COLECIONADOR DE LEMBRANÇAS,PAWLO CIDADE,EDITORA TPI,1100,53,58300
FUNDAMENTAL II,AMOR DO CORAÇÃO,ELISA OLIVEIRA,EDITUS - EDITORA DA UESC,1100,13,14300
FUNDAMENTAL II,CATA-VENTO CATA AMIZADE,ELISA OLIVEIRA,EDITUS - EDITORA DA UESC,1100,25,27500
FUNDAMENTAL II,COLCHA DE RETALHOS - UMA DECLARAÇÃO DE AMOR,ÂNGELA MÁRCIA D. T. BARBOSA,EDITUS - EDITORA DA UESC,1100,49,53900
FUNDAMENTAL II,"EU VOCÊ ESPELHO, EU ESPELHO VOCÊ, VOCÊ EU ESPELHO",ELISA OLIVEIRA,EDITUS - EDITORA DA UESC,1100,25,27500
FUNDAMENTAL II,LIVRE PARA VOAR,ELISA OLIVEIRA,EDITUS - EDITORA DA UESC,1100,25,27500
FUNDAMENTAL II,PERGUNTAS DE COR,ELISA OLIVEIRA,EDITUS - EDITORA DA UESC,1100,25,27500
FUNDAMENTAL II,BEATO ZE LOURENCO E O BOI MANSINHO ,JOSÉ NORMANDO RODRIGUES ,ENSINAMENTO,1100,32,35200
FUNDAMENTAL II,BEZERRA DE MENEZES: GUIA DE LUZ ,GONCALO FERREIRA DIAS ,ENSINAMENTO,1100,32,35200
FUNDAMENTAL II,BOX BRASILIA EM CORDEL ,NÃO CONSTA,ENSINAMENTO,1100,120,132000
FUNDAMENTAL II,BRASÍLIA - AS MARGENS DO PARANOÁ,DONZÍLIO LUIZ DE OLIVEIRA,ENSINAMENTO,1100,32,35200
FUNDAMENTAL II,BRASILIA DE MIL DESTINOS - CORDEL ILUSTRADO,MOREIRA DE ACOPIARA,ENSINAMENTO,1100,32,35200
FUNDAMENTAL II,CANUDOS: A SAGA DO POVO NORDESTINO EM CORDEL,BABI GUEDES,ENSINAMENTO,1100,60,66000
FUNDAMENTAL II,"HOMEM, O LOBO DO HOMEM",ANTÔNIO QUEIROZ DE FRANÇA,ENSINAMENTO,1100,32,35200
FUNDAMENTAL II,IMPOSTO SOBRE A VENDA DE IMÓVEIS,JOSÉ RIBAMAR BARROS PENHA,ENSINAMENTO,1100,32,35200
FUNDAMENTAL II,"O ADVOGADO, O DIABO E A BENGALA",MARCOS MAIRTON,ENSINAMENTO,1100,32,35200
FUNDAMENTAL II,O MARTÍRIO DE FREI TITO,ANTÔNIO QUEIROZ DE FRANÇA,ENSINAMENTO,1100,50,55000
FUNDAMENTAL II,O PRECO DA SOBERBA OU A MÃE DESNATURADA,MANOEL MONTEIRO,ENSINAMENTO,1100,32,35200
FUNDAMENTAL II,UMA CIDADE DOS SONHOS,ANTONIO FRANCISCO,ENSINAMENTO,1100,32,35200
FUNDAMENTAL II,O LOBO BOLO,LUH OLIVEIRA,FLAMINGO,1100,34,37400
FUNDAMENTAL II,ORGULHO E PRECONCEITO EM CORDEL,NILZA DIAS,FLOREAR LIVROS,1100,70,77000
FUNDAMENTAL II,"AFINAL, INTELIGÊNCIA ARTIFICIAL É LEGAL?",GUILHERME SALES,FORT EDITORA,1100,60,66000
FUNDAMENTAL II,O DIÁRIO DE DAVI,SILVANO SULZART,FORT EDITORA,1100,65,71500
FUNDAMENTAL II,DE TODAS AS FORMAS,MARCIA MONTENEGRO,FORT EDITORA,1100,60,66000
FUNDAMENTAL II,O VALOR DE CADA UM,MÁRCIA MONTENEGRO,FORT EDITORA,1100,80,88000
FUNDAMENTAL II,ELA TEM OLHOS DE CÉU,SOCORRO ACIOLLI,GAIVOTA,1100,68,74800
FUNDAMENTAL II,A CINZA DAS HORAS,MANUEL BANDEIRA,GLOBAL,1100,59,64900
FUNDAMENTAL II,ALGUMAS ASSOMBRAÇÕES DO RECIFE VELHO,GILBERTO FREYRE,GLOBAL,1100,65,71500
FUNDAMENTAL II,BANGUE,JOSE LINS DO REGO,GLOBAL,1100,75,82500
FUNDAMENTAL II,CAMINHO DA POESIA,FERREIRA GULLAR,GLOBAL,1100,59,64900
FUNDAMENTAL II,CONTO COM VOCÊ,LUIS DA CAMARA CASCUDO,GLOBAL,1100,59,64900
FUNDAMENTAL II,CONTOS TRADICIONAIS DO BRASIL PARA JOVENS,LUIS DA CAMARA CASCUDO,GLOBAL,1100,65,71500
FUNDAMENTAL II,CRÔNICAS PARA JOVENS,JOSE LINS DO REGO,GLOBAL,1100,65,71500
FUNDAMENTAL II,DE MENINO A HOMEM,GILBERTO FREYRE,GLOBAL,1100,85,93500
FUNDAMENTAL II,EURIDICE,JOSE LINS DO REGO,GLOBAL,1100,69,75900
FUNDAMENTAL II,FAZ DE CONTO,LUIS DA CAMARA CASCUDO,GLOBAL,1100,59,64900
FUNDAMENTAL II,FOGO MORTO,JOSE LINS DO REGO,GLOBAL,1100,75,82500
FUNDAMENTAL II,GAMAÇÃO,FERREIRA GULLAR,GLOBAL,1100,55,60500
FUNDAMENTAL II,GUIA PRATICO SENTIMENTAL DA CIDADE DO RECIFE,GILBERTO FREYRE,GLOBAL,1100,119,130900
FUNDAMENTAL II,HISTÓRIAS DE VAQUEIROS E DE CANTADORES PARA JOVENS,LUIS DA CAMARA CASCUDO,GLOBAL,1100,65,71500
FUNDAMENTAL II,INTERPRETAÇÃO DO BRASIL,GILBERTO FREYRE,GLOBAL,1100,85,93500
FUNDAMENTAL II,MELHORES CRÔNICAS DE FERREIRA GULLAR,FERREIRA GULLAR,GLOBAL,1100,59,64900
FUNDAMENTAL II,MELHORES CRÔNICAS DE MANUEL BANDEIRA,MANUEL BANDEIRA,GLOBAL,1100,59,64900
FUNDAMENTAL II,MELHORES POEMAS DE FERREIRA GULLAR,FERREIRA GULLAR,GLOBAL,1100,59,64900
FUNDAMENTAL II,MELHORES POEMAS DE GONÇALVES DIAS,GONÇALVES DIAS,GLOBAL,1100,49,53900
FUNDAMENTAL II,MELHORES POEMAS DE JOÃO CABRAL DE MELO NETO,CASTRO ALVES,GLOBAL,1100,59,64900
FUNDAMENTAL II,MELHORES POEMAS DE PATATIVA DO ASSARÉ,PATATIVA DO ASSARÉ,GLOBAL,1100,59,64900
FUNDAMENTAL II,MENINO DE ENGENHO,JOSE LINS DO REGO,GLOBAL,1100,59,64900
FUNDAMENTAL II,NORDESTE ,GILBERTO FREYRE,GLOBAL,1100,79,86900
FUNDAMENTAL II,O ESCRAVO NOS ANÚNCIOS DE JORNAIS BRASILEIROS DO SÉCULO XIX,GILBERTO FREYRE,GLOBAL,1100,75,82500
FUNDAMENTAL II,O MELHORES POEMAS DE CASTRO ALVES,CASTRO ALVES,GLOBAL,1100,49,53900
FUNDAMENTAL II,O REI QUE MORA NO MAR,FERREIRA GULLAR,GLOBAL,1100,49,53900
FUNDAMENTAL II,"OLINDA - 2º GUIA PRATICO, HISTÓRICO E SENTIMENTAL DE CIDADE BRASILEIRA",GILBERTO FREYRE,GLOBAL,1100,129,141900
FUNDAMENTAL II,PÉ DE POESIA,FERREIRA GULLAR,GLOBAL,1100,59,64900
FUNDAMENTAL II,PEDRA BONITA,JOSE LINS DO REGO,GLOBAL,1100,65,71500
FUNDAMENTAL II,"POIS É, POESIA",FERREIRA GULLAR,GLOBAL,1100,59,64900
FUNDAMENTAL II,PUREZA,JOSE LINS DO REGO,GLOBAL,1100,65,71500
FUNDAMENTAL II,RIACHO DOCE,JOSE LINS DO REGO,GLOBAL,1100,65,71500
FUNDAMENTAL II,TALVEZ POESIA,GILBERTO FREYRE,GLOBAL,1100,65,71500
FUNDAMENTAL II,TRAÇO DE POETA,FERREIRA GULLAR,GLOBAL,1100,59,64900
FUNDAMENTAL II,UM FIO DE PROSA,LUIS DA CAMARA CASCUDO,GLOBAL,1100,59,64900
FUNDAMENTAL II,USINA,JOSE LINS DO REGO,GLOBAL,1100,75,82500
FUNDAMENTAL II,VAQUEIRO E CANTADORES PARA JOVENS,LUIS DA CAMARA CASCUDO,GLOBAL,1100,65,71500
FUNDAMENTAL II,1808 - UM MIL OITOCENTOS E OITO,LAURENTINO GOMES,GLOBO,1100,80,88000
FUNDAMENTAL II,A CIDADE DO SOL ,KHALED HOSSEINI,GLOBO,1100,60,66000
FUNDAMENTAL II,A MOCINHA DO MERCADO CENTRAL ,STELLA MARIS REZENDE ,GLOBO,1100,80,88000
FUNDAMENTAL II,COMO OS ANIMAIS SALVARAM MINHA VIDA,LUISA MELL,GLOBO,1100,60,66000
FUNDAMENTAL II,DROPZ,RITA LEE,GLOBO,1100,60,66000
FUNDAMENTAL II,E NÃO SOBROU NENHUM,AGATHA CHRISTIE,GLOBO,1100,60,66000
FUNDAMENTAL II,ENTRE DEUSES E MONSTROS ,LIA NEIVA ,GLOBO,1100,80,88000
FUNDAMENTAL II,ESCRAVIDÃO - VOL. 01 - DO PRIMEIRO LEILÃO DE CATIVO,LAURENTINO GOMES ,GLOBO,1100,80,88000
FUNDAMENTAL II,GUERRA DE NARRATIVAS ,LUCIANO TRIGO ,GLOBO,1100,60,66000
FUNDAMENTAL II,INTELIGÊNCIA ARTIFICIAL ,KAI-FU LEE,GLOBO,1100,65,71500
FUNDAMENTAL II,MAIS VOCE - 10 ANOS ,ANA MARIA BRAGA,GLOBO,1100,100,110000
FUNDAMENTAL II,MEDIDA CERTA COMO CHEGAR LA! ,ZECA CAMARGO ,GLOBO,1100,70,77000
FUNDAMENTAL II,MINHA VIDA COM BORIS ,THAYS MASTINEZ ,GLOBO,1100,70,77000
FUNDAMENTAL II,O CAÇADOR DE PIPAS,KHALED HOSSEINI,GLOBO,1100,60,66000
FUNDAMENTAL II,O LIVRO DA ECOLOGIA ,VÁRIOS AUTORES ,GLOBO,1100,80,88000
FUNDAMENTAL II,O LIVRO DA ECONOMIA,VÁRIOS AUTORES ,GLOBO,1100,80,88000
FUNDAMENTAL II,O LIVRO DA FILOSOFIA,VÁRIOS AUTORES ,GLOBO,1100,80,88000
FUNDAMENTAL II,O LIVRO DA MÚSICA CLÁSSICA,VÁRIOS AUTORES ,GLOBO,1100,80,88000
FUNDAMENTAL II,O LIVRO DENTRO DA CONCHA ,RICARDO FILHO,GLOBO,1100,80,88000
FUNDAMENTAL II,O LIVRO DO CINEMA,VÁRIOS AUTORES ,GLOBO,1100,80,88000
FUNDAMENTAL II,O SEGREDO DO MEU TURBANTE,AGNÈS ROTGER; NADIA GHULAM,GLOBO,1100,60,66000
FUNDAMENTAL II,OS ZERÓIS ,ZIRALDO ALVES PINTO,GLOBO,1100,110,121000
FUNDAMENTAL II,PRECISAMOS FALAR SOBRE ABUSO,ROXANE GAY,GLOBO,1100,60,66000
FUNDAMENTAL II,VOCÊ ME AJUDA? - CONVERSAS SOBRE DROGAS NA ESCOLA,GILSON YQSHIOKA,HEDRA EDUCAÇÃO,1100,56,61600
FUNDAMENTAL II,A HISTÓRIA DOS NOVOS BAIANOS,MORAES MOREIRA,IMEPH,1100,45,49500
FUNDAMENTAL II,A LÍNGUA QUE A GENTE FALA,SOCORRO LIRA,IMEPH,1100,40,44000
FUNDAMENTAL II,A POEIRA E A ESTRADA,MACIEL MELO,IMEPH,1100,60,66000
FUNDAMENTAL II,A TURMA DO XAXADO: VOLUME 3 E 4,ANTONIO CEDRAZ,IMEPH,1100,75,82500
FUNDAMENTAL II,ABC DA FLORESTA AMAZÔNICA,"POLLYANNA FURTADO, THIAGO DE MELLO",IMEPH,1100,50,55000
FUNDAMENTAL II,ÁFRICA: UM BREVE PASSEIO PELAS RIQUEZAS E GRANDEZAS AFRICANAS,FERNANDO PAIXÃO,IMEPH,1100,48,52800
FUNDAMENTAL II,ANDEI POR AÍ,PAOLA TÔRRES,IMEPH,1100,80,88000
FUNDAMENTAL II,BANDEIRA SOBRINHO: UMA VIDA E ALGUNS VERSOS,BRAULIO TAVARES,IMEPH,1100,70,77000
FUNDAMENTAL II,BREVES ANOTAÇÕES DE UM ANDARILHO,MARCOS MAIRTON,IMEPH,1100,80,88000
FUNDAMENTAL II,CANÇÃO DOS POVOS AFRICANOS,FERNANDO PAIXÃO,IMEPH,1100,38,41800
FUNDAMENTAL II,CARNE E ALMA,ROGACIANO LEITE,IMEPH,1100,70,77000
FUNDAMENTAL II,CONTOS QUE ME CONTARAM,ANA THAIS FEITOSA,IMEPH,1100,60,66000
FUNDAMENTAL II,CRAVO VERMELHO E ALGUNS CONSELHOS,"LENICE GOMES, WALTHER MOREIRA SANTOS",IMEPH,1100,38,41800
FUNDAMENTAL II,CREPUSCULARES SONETOS,JOSE WALTER PIRES,IMEPH,1100,60,66000
FUNDAMENTAL II,DESEJO DE ÁRVORES E PÁSSAROS,ROSEANA MURRAY,IMEPH,1100,70,77000
FUNDAMENTAL II,DUAS LENDAS INDÍGENAS DE AMOR,FERNANDO PAIXÃO,IMEPH,1100,40,44000
FUNDAMENTAL II,"E VOCÊ, O QUE VAI FAZER?",JULIANA BARROSO TAVARES PARENTE,IMEPH,1100,40,44000
FUNDAMENTAL II,FESTA DE BOIS,"ARLENE HOLANDA, LENICE GOMES",IMEPH,1100,42,46200
FUNDAMENTAL II,FIOS QUE ATRAVESSAM O TEMPO,"ANA NEILA TORQUATO, HOZANA COSTA, ROSE COSTA",IMEPH,1100,40,44000
FUNDAMENTAL II,LEITURA ENCANTADA 2: GÊNEROS TEXTUAIS,LUCINDA AZEVEDO,IMEPH,1100,150,165000
FUNDAMENTAL II,LUIZ LUA ALEGRIA,PAULO MATRICÓ,IMEPH,1100,65,71500
FUNDAMENTAL II,O CONFEITEIRO DE JARDIM,SILVANA DE MENEZES,IMEPH,1100,50,55000
FUNDAMENTAL II,O DUENDE E AS LETRAS ENCANTADAS,EVARISTO GERALDO,IMEPH,1100,65,71500
FUNDAMENTAL II,O GRANDE JOAQUIM NABUCO E A OBRA DA ESCRAVIDÃO,CRISPINIANO NETO,IMEPH,1100,65,71500
FUNDAMENTAL II,O LABIRINTO DO MINOTAURO,SEVERINO RODRIGUES,IMEPH,1100,42,46200
FUNDAMENTAL II,O PEQUENO PRÍNCIPE,ANTOINE DE SAINT-EXUPÉRY,IMEPH,1100,45,49500
FUNDAMENTAL II,"O PIOLHO, A PRINCESA E O TROVADOR","ARLENE HOLANDA, LENICE GOMES",IMEPH,1100,50,55000
FUNDAMENTAL II,O REFÚGIO DAS INTERROGAÇÕES,MARCIEL MELO,IMEPH,1100,50,55000
FUNDAMENTAL II,PESCADORES DE HISTÓRIAS,FABIANA GUIMARÃES,IMEPH,1100,65,71500
FUNDAMENTAL II,"PIRANGI, PIRANGI",ALBANY CASTRO BARROS,IMEPH,1100,70,77000
FUNDAMENTAL II,POESIA EM CENA 1,ANA THAIS FEITOSA,IMEPH,1100,110,121000
FUNDAMENTAL II,POESIA EM CENA 2,ANA THAIS FEITOSA,IMEPH,1100,110,121000
FUNDAMENTAL II,POESIA EM CENA 3,FLAVIA SUASSUNA,IMEPH,1100,110,121000
FUNDAMENTAL II,QUATRO LÉGUAS E MEIA DE CORDEL,ANTONIO FRANCISCO,IMEPH,1100,50,55000
FUNDAMENTAL II,SETE CONTOS DE MARIA,ANTONIO FRANCISCO,IMEPH,1100,50,55000
FUNDAMENTAL II,TODAS AS CORES DO NEGRO,ARLENE HOLANDA,IMEPH,1100,50,55000
FUNDAMENTAL II,VAMOS FALAR SOBRE CÂNCER?,PAOLA TÔRRES,IMEPH,1100,50,55000
FUNDAMENTAL II,VENCENDO A DENGUE,CRISPINIANO NETO,IMEPH,1100,65,71500
FUNDAMENTAL II,VOZES DA TRADIÇÃO,MARCO HAURÉLIO,IMEPH,1100,130,143000
FUNDAMENTAL II,CASTELO DE AREIA,LARA T. VAINSTOK,INDEPENDENTE,1100,60,66000
FUNDAMENTAL II,A + PERTO DO CORAÇÃO,LUH OLIVEIRA,INVERSO,1100,42,46200
FUNDAMENTAL II,A CASA DO MORRO BRANCO,RACHEL DE QUEIROZ,JOSE OLYMPIO,1100,50,55000
FUNDAMENTAL II,AS TRÊS MARIAS,RACHEL DE QUEIROZ,JOSE OLYMPIO,1100,55,60500
FUNDAMENTAL II,DORA DORALINA,RACHEL DE QUEIROZ,JOSE OLYMPIO,1100,60,66000
FUNDAMENTAL II,JACARANDAS EM FLOR,GRACILIANO RAMOS,JOSE OLYMPIO,1100,60,66000
FUNDAMENTAL II,LAMPIÃO E A BEATA MARIA DO EGITO,RACHEL DE QUEIROZ,JOSE OLYMPIO,1100,55,60500
FUNDAMENTAL II,O GALO DE OURO,RACHEL DE QUEIROZ,JOSE OLYMPIO,1100,70,77000
FUNDAMENTAL II,TRANSATLÂNTICO,MARIANA MARQUES,LA BARCA,1100,50,55000
FUNDAMENTAL II,A CAÇADA DE GOYA,KARINNA PIMENTA,LÊ,1100,62,68200
FUNDAMENTAL II,CLUBE DA COVA,LUÍS DILL,LÊ,1100,56,61600
FUNDAMENTAL II,CONTOS DE OLOFI,TEREZA CARDENAS,LÊ,1100,59,64900
FUNDAMENTAL II,MESTRE LISBOA: O ALEIJADINHO,NELSON CRUZ,LÊ,1100,60,66000
FUNDAMENTAL II,"METADE PAI, METADE MUNDO",ROSA AMANDA STRAUSZ,LÊ,1100,62,68200
FUNDAMENTAL II,METAMORFOSES,FLÁVIA CÔRTES; FLÁVIA MUNIZ; REGINA DRUMMOND; ROSANA RIOS; SALMO,LÊ,1100,61,67100
FUNDAMENTAL II,O JARDIM DE PIPOCAS,RAIMUNDO MATOS DE LEÃO,LÊ,1100,59,64900
FUNDAMENTAL II,O MÃO DE VELUDO,LUIS EDUARDO MATTA,LÊ,1100,68,74800
FUNDAMENTAL II,PARA SER BERNARDO,DANSA,LÊ,1100,63,69300
FUNDAMENTAL II,PASSAGEIRA 45: O VALE DOS MISTÉRIOS,FLÁVIA CÔRTES,LÊ,1100,66,72600
FUNDAMENTAL II,PLANO DE ATAQUE E O VALE DOS MISTÉRIOS ,LUIS EDUARDO MATTA,LÊ,1100,66,72600
FUNDAMENTAL II,ESPUMAS FLUTUANTES,CASTRO ALVES,MARTIN CLARET,1100,39,42900
FUNDAMENTAL II,I JUCA PIRAMA OS TIMBIRAS OUTROS POEMAS,GONÇALVES DIAS,MARTIN CLARET,1100,39,42900
FUNDAMENTAL II,OS ESCRAVOS,CASTRO ALVES,MARTIN CLARET,1100,39,42900
FUNDAMENTAL II,ÚLTIMOS CANTOS,GONÇALVES DIAS,MARTIN CLARET,1100,50,55000
FUNDAMENTAL II,AS CINCO DAMAS DA CONDESSA,SIMONE CAVALCANTE,MUNDO LEITURA,1100,45,49500
FUNDAMENTAL II,O DIÁRIO DE DANDARA,CLAUDIA LINS,MUNDO LEITURA,1100,59,64900
FUNDAMENTAL II,"CONTOS BRASILEIROS: ENCONTROS, DESENCONTOS E CONFLITOS",SAMIRA CAMPDELLI,MVC EDITORA,1100,79,86900
FUNDAMENTAL II,VIDA E POESIA DE AUGUSTO DOS ANJOS,JUCA PONTES,MVC EDITORA,1100,79,86900
FUNDAMENTAL II,ME CHAMO ARIANO,JUCA PONTES,MVERAS,1100,60,66000
FUNDAMENTAL II,A HISTÓRIA DE AMOR DE FERNANDO E ISAURA,ARIANO SUASSUNA,NOVA FRONTEIRA,1100,65,71500
FUNDAMENTAL II,A PENA E A LEI ,ARIANO SUASSUNA,NOVA FRONTEIRA,1100,55,60500
FUNDAMENTAL II,AUTO DE JOÃO DA CRUZ,ARIANO SUASSUNA,NOVA FRONTEIRA,1100,55,60500
FUNDAMENTAL II,FARSA DA BOA PREGUIÇA ,ARIANO SUASSUNA,NOVA FRONTEIRA,1100,65,71500
FUNDAMENTAL II,O CASAMENTO SUSPEITOSO,ARIANO SUASSUNA,NOVA FRONTEIRA,1100,55,60500
FUNDAMENTAL II,O DESERTOR DE PRINCESA,ARIANO SUASSUNA,NOVA FRONTEIRA,1100,50,55000
FUNDAMENTAL II,O SEDUTOR DO SERTÃO,ARIANO SUASSUNA,NOVA FRONTEIRA,1100,60,66000
FUNDAMENTAL II,UMA MULHER VESTIDA DE SOL,ARIANO SUASSUNA,NOVA FRONTEIRA,1100,55,60500
FUNDAMENTAL II,VIDA-NOVA BRASILEIRA E OUTROS TEXTOS EM PROSA E VERSO,ARIANO SUASSUNA,NOVA FRONTEIRA,1100,50,55000
FUNDAMENTAL II,AS CEM MELHORES CRÔNICAS BRASILEIRAS,JOAQUIM FERREIRA DOS SANTOS,OBJETIVA,1100,90,99000
FUNDAMENTAL II,CRÔNICAS PARA LER NA ESCOLA - IGNÁCIO DE LOYOLA BRANDÃO,IGNÁCIO DE LOYOLA BRANDÃO,OBJETIVA,1100,58,63800
FUNDAMENTAL II,ILUSTRAÇÕES PARA FOTOGRAFIAS DE DANDARA,JOÃO CABRAL DE MELO NETO,OBJETIVA,1100,60,66000
FUNDAMENTAL II,MAIS COMÉDIAS PARA LER NA ESCOLA,LUIS FERNANDO VERISSIMO,OBJETIVA,1100,60,66000
FUNDAMENTAL II,O REI DA NOITE,JOÃO UBALDO RIBEIRO,OBJETIVA,1100,65,71500
FUNDAMENTAL II,OS CEM MELHORES CONTOS BRASILEIROS DO SÉCULO,ITALO MORICONI JUNIOR,OBJETIVA,1100,98,107800
FUNDAMENTAL II,POEMAS PARA LER NA ESCOLA - JOÃO CABRAL DE MELO NETO,JOÃO CABRAL DE MELO NETO,OBJETIVA,1100,63,69300
FUNDAMENTAL II,POEMAS PARA LER NA ESCOLA - MÁRIO QUINTANA,MARIO QUINTANA,OBJETIVA,1100,63,69300
FUNDAMENTAL II,REDAÇÃO INFALÍVEL,DÉBORA ALADIM,OBJETIVA,1100,53,58300
FUNDAMENTAL II,QUEM CHAMAREI DE LAR,MYRIAM SCOTTI,PANTOGRAF,1100,60,66000
FUNDAMENTAL II,O ACORDO – SUCESSO NO TIKTOK,ELLE KENNEDY,PARALELA,1100,60,66000
FUNDAMENTAL II,O ALQUIMISTA,PAULO COELHO,PARALELA,1100,43,47300
FUNDAMENTAL II,O ERRO – SUCESSO NO TIKTOK,ELLE KENNEDY,PARALELA,1100,60,66000
FUNDAMENTAL II,O JOGO – SUCESSO NO TIKTOK,ELLE KENNEDY,PARALELA,1100,60,66000
FUNDAMENTAL II,LIVRO DAS ORIGENS,JOSE ARRABAL,PAULINAS,1100,45,49500
FUNDAMENTAL II,LUIZ GAMA - A SGA DE UM LIBERTADOR,MAGUI,PEIROPOLIS,1100,64,70400
FUNDAMENTAL II,MIL MILHAS,TAMARA KLINK,PEIROPOLIS,1100,70,77000
FUNDAMENTAL II,QUIDUNGO ,JOAQUIM DE ALMEIDA,PEIROPOLIS,1100,70,77000
FUNDAMENTAL II,FEITO CÃO E GATO,LUH OLIVEIRA,PENALUX,1100,40,44000
FUNDAMENTAL II,A FALÊNCIA,JULIA LOPES DEALMEIDA,PENGUIN,1100,50,55000
FUNDAMENTAL II,IRACEMA,JOSÉ DE ALENCAR,PENGUIN,1100,43,47300
FUNDAMENTAL II,MEMÓRIAS DE UM SARGENTO DE MILÍCIAS,MANUEL ANTÔNIO DE ALMEIDA,PENGUIN,1100,45,49500
FUNDAMENTAL II,O ATENEU,RAUL POMPEIA,PENGUIN,1100,50,55000
FUNDAMENTAL II,O CORTIÇO,ALUÍSIO AZEVEDO,PENGUIN,1100,45,49500
FUNDAMENTAL II,PAPÉIS AVULSOS,MACHADO DE ASSIS,PENGUIN,1100,53,58300
FUNDAMENTAL II,QUINCAS BORBA,MACHADO DE ASSIS,PENGUIN,1100,50,55000
FUNDAMENTAL II,TRISTE FIM DE POLICARPO QUARESMA,LIMA BARRETO,PENGUIN,1100,48,52800
FUNDAMENTAL II,ÚRSULA,MARIA FIRMINA DOS REIS,PENGUIN,1100,45,49500
FUNDAMENTAL II,DA IDEIA AO BILHÃO,DANIEL BERGAMASCO,PORTFOLIO-PENGUIN,1100,68,74800
FUNDAMENTAL II,ONDAS AGITADAS - POEMAS E PENSAMENTOS ,GONZAGA MOTA ,PREMIUS,1100,30,33000
FUNDAMENTAL II,A MEGERA DOMADA,WILLIAM SHAKESPEARE,PRINCIPIS,1100,20,22000
FUNDAMENTAL II,ILIADA,DIEGO AGRIMBAU,PRINCIPIS,1100,30,33000
FUNDAMENTAL II,MULHERES NEGRAS ISNPIRADORAS,MOREIRA DE ACOPIARA,PRINCIPIS,1100,35,38500
FUNDAMENTAL II,O MERCADOR DE VENEZA,WILLIAM SHAKESPEARE,PRINCIPIS,1100,20,22000
FUNDAMENTAL II,O SONHO DE LAMPIÃO,MARCO HAURELIO,PRINCIPIS,1100,35,38500
FUNDAMENTAL II,ODISSEIA,DIEGO AGRIMBAU,PRINCIPIS,1100,30,33000
FUNDAMENTAL II,OS TRES MOSQUITEIROS,ALEXANDRE DUMAS,PRINCIPIS,1100,30,33000
FUNDAMENTAL II,A REVOLUÇÃO DOS BICHOS,GEORGE ORWELL,QUADRINHOS NA CIA,1100,70,77000
FUNDAMENTAL II,ANNE FRANK — A BIOGRAFIA ILUSTRADA,SID JACOBSON,QUADRINHOS NA CIA,1100,58,63800
FUNDAMENTAL II,AS BARBAS DO IMPERADOR,LILIA MORITZ SCHWARCZ,QUADRINHOS NA CIA,1100,73,80300
FUNDAMENTAL II,AVENIDA PAULISTA,LUIZ GÊ,QUADRINHOS NA CIA,1100,60,66000
FUNDAMENTAL II,CLARA DOS ANJOS,BARRETO LIMA,QUADRINHOS NA CIA,1100,68,74800
FUNDAMENTAL II,D. JOÃO CARIOCA,"SCHWARCZ, LILIA MORITZ; SPACCA",QUADRINHOS NA CIA,1100,63,69300
FUNDAMENTAL II,DOIS IRMÃOS,"HATOUM, MILTON; MOON, FÁBIO; BÁ, GABRIEL; FÁBIO MOON E GABRIEL BÁ,",QUADRINHOS NA CIA,1100,68,74800
FUNDAMENTAL II,GRANDE SERTÃO: VEREDAS (EDIÇÃO EM QUADRINHOS),JOÃO GUIMARÃES ROSA,QUADRINHOS NA CIA,1100,100,110000
FUNDAMENTAL II,HILDA E O TROLL,LUKE PEARSON,QUADRINHOS NA CIA,1100,53,58300
FUNDAMENTAL II,O ALIENISTA (EDIÇÃO EM QUADRINHOS),"MOON, FÁBIO; BÁ, GABRIEL; ASSIS, MACHADO DE",QUADRINHOS NA CIA,1100,60,66000
FUNDAMENTAL II,O ÚLTIMO CAVALEIRO ANDANTE,WILL EISNER,QUADRINHOS NA CIA,1100,53,58300
FUNDAMENTAL II,OS SERTÕES,"FERREIRA, CARLOS; ROSA, RODRIGO",QUADRINHOS NA CIA,1100,60,66000
FUNDAMENTAL II,SAPIENS (EDIÇÃO EM QUADRINHOS): O NASCIMENTO DA HUMANIDADE,YUVAL NOAH HARARI,QUADRINHOS NA CIA,1100,78,85800
FUNDAMENTAL II,CANGAÇO,GRACILIANO RAMOS,RECORD,1100,65,71500
FUNDAMENTAL II,CARTAS,GRACILIANO RAMOS,RECORD,1100,65,71500
FUNDAMENTAL II,INFÂNCIA,GRACILIANO RAMOS,RECORD,1100,65,71500
FUNDAMENTAL II,INSÔNIA,GRACILIANO RAMOS,RECORD,1100,50,55000
FUNDAMENTAL II,PEQUENA HISTÓRIA DA REPUBLICA,GRACILIANO RAMOS,RECORD,1100,50,55000
FUNDAMENTAL II,SÃO BERNARDO,GRACILIANO RAMOS,RECORD,1100,55,60500
FUNDAMENTAL II,VIAGEM,GRACILIANO RAMOS,RECORD,1100,55,60500
FUNDAMENTAL II,CONVERGENTE,VERONICA ROTH,ROCCO,1100,55,60500
FUNDAMENTAL II,DIVERGENTE - UMA ESCOLHA PODE TE TRANSFORMAR,VERONICA ROTH,ROCCO,1100,55,60500
FUNDAMENTAL II,HARRY POTTER E A CÂMARA SECRETA - (CAPA DURA),J.K ROWLING,ROCCO,1100,65,71500
FUNDAMENTAL II,HARRY POTTER E A CRIANÇA AMALDIÇOADA,J.K ROWLING,ROCCO,1100,65,71500
FUNDAMENTAL II,INSURGENTE - UMA ESCOLHA PODE TE DESTRUIR,VERONICA ROTH,ROCCO,1100,55,60500
FUNDAMENTAL II,ASTRONOMIA - CIENCIA EM VERSOS DE CORDEL,GONÇALO FERREIRA ,ROVELLE,1100,56,61600
FUNDAMENTAL II,BRASILIANA LENDAS DO BRASIL EM CORDEL,GONÇALO FERREIRA ,ROVELLE,1100,60,66000
FUNDAMENTAL II,CRIAÇÃO - CIENCIAS EM VERSOS DE CORDEL,GONÇALO FERREIRA ,ROVELLE,1100,56,61600
FUNDAMENTAL II,HISTORIAS AMARELADAS,SONIA ROSA,ROVELLE,1100,55,60500
FUNDAMENTAL II,TER OU NÃO TER,LUIZ CLAUDIO CARDOSO,ROVELLE,1100,49,53900
FUNDAMENTAL II,MITOLOGIA POETICA ,DIVA LOPES,SAÍRA,1100,68,74800
FUNDAMENTAL II,O ULTIMO PASSARO DAQUI ,BRUNO ENRIQUE COELHO,SAÍRA,1100,60,66000
FUNDAMENTAL II,SERÁ O BENEDITO,MARIO DE ANDRADE,SAÍRA,1100,51,56100
FUNDAMENTAL II,A BAILARINA FANTASMA,SOCORRO ACIOLI,SEGUINTE,1100,50,55000
FUNDAMENTAL II,A CABEÇA DO SANTO,SOCORRO ACIOLI,SEGUINTE,1100,60,66000
FUNDAMENTAL II,CINDERELA CHINESA,ADELINE YEN MAH,SEGUINTE,1100,55,60500
FUNDAMENTAL II,DE REPENTE NAS PROFUNDEZAS DO BOSQUE,AMÓS OZ,SEGUINTE,1100,55,60500
FUNDAMENTAL II,EU SOU MALALA (EDIÇÃO JUVENIL),"MALALA YOUSAFZAI, PATRICIA  MCCORMICK",SEGUINTE,1100,55,60500
FUNDAMENTAL II,FRANKENSTEIN,MARY SHELLEY,SEGUINTE,1100,50,55000
FUNDAMENTAL II,HEROÍNAS NEGRAS BRASILEIRAS,JARID ARRAES,SEGUINTE,1100,43,47300
FUNDAMENTAL II,HISTÓRIAS DE MISTÉRIO,LYGIA FAGUNDES TELLES,SEGUINTE,1100,50,55000
FUNDAMENTAL II,O MENINO DO PIJAMA LISTRADO,JOHN BOYNE,SEGUINTE,1100,58,63800
FUNDAMENTAL II,OS MISERÁVEIS,VICTOR HUGO,SEGUINTE,1100,55,60500
FUNDAMENTAL II,AMIGOS DE VERDADE,ANGELICA SAMPAIO,SOL LITERARIO,1100,43,47300
FUNDAMENTAL II,O CAJUEIRO,ANGELICA SAMPAIO,SOL LITERARIO,1100,43,47300
FUNDAMENTAL II,OLHAOS PARA MARIELLA,ANGELICA SAMPAIO,SOL LITERARIO,1100,40,44000
FUNDAMENTAL II,OS OLHOS NÃO VEEM O CORAÇÃO SENTE,ANGELICA SAMPAIO,SOL LITERARIO,1100,44,48400
FUNDAMENTAL II,MAIS QUE FUTEBOL: POESIA,FABIO BRAZZA,TIMBÚ,1100,50,55000
FUNDAMENTAL II,ASSASSINATO NO CONDOMÍNIO DE LUXO ,TITO PRATES,TRILHA EDUCACIONAL,1100,60,66000
FUNDAMENTAL II,BIEL - A JORNADA PARA A CURA ,NALU SAAD ,TRILHA EDUCACIONAL,1100,56,61600
FUNDAMENTAL II,FAMÍLIA SEM NOME ,JULIO VERNE ,TRILHA EDUCACIONAL,1100,53,58300
FUNDAMENTAL II,MAYRA E A FLORESTA VIVA ,"ADRIANA KORTLANDT, MARCELO CAPUTTI, MARCOS LINHARES ",TRILHA EDUCACIONAL,1100,37,40700
FUNDAMENTAL II,MEUS ÚLTIMOS 45 DIAS ,ROGER CHEDID ,TRILHA EDUCACIONAL,1100,40,44000
FUNDAMENTAL II,O FAROL DO FIM DO MUNDO ,JULIO VERNE ,TRILHA EDUCACIONAL,1100,40,44000
FUNDAMENTAL II,O PRESIDENTE NEGRO - O CHOQUE DAS RAÇAS,MONTEIRO LOBATO ,TRILHA EDUCACIONAL,1100,39,42900
FUNDAMENTAL II,STEPH - A SUPER HIPER-ATIVA ,VIVIANE FAIR ,TRILHA EDUCACIONAL,1100,38,41800
FUNDAMENTAL II,TERRA DA DIFICULIDADE ,FERNANDA OLIVEIRA FELIZ ,TRILHA EDUCACIONAL,1100,30,33000
FUNDAMENTAL II,O TESOURO PERDIDO DAS TERRAS DO SEM-FIM,PAWLO CIDADE,VIA LITTERARUM,1100,40,44000
,,,,,,28380000
,,,,,,
,,,,,,
INDICAÇÃO,TÍTULO,AUTOR,EDITORA,QUANT,VALOR UNITÁRIO,VALOR TOTAL
FORM PROF,CIDADE DE ÁGUA E SAL ,PAULO LINHARES ,ARMAZEM DA CULTURA,700,48,33600
FORM PROF,JÁDER DE CARVALHO E O DIÁRIO DO POVO ,JOSÉ ALFREDO MONTENEGRO,ARMAZEM DA CULTURA,700,52,36400
FORM PROF,JOSÉ DE ALENCAR O PROFETA E O CHOCOLATE ,PAULO LINHARES ,ARMAZEM DA CULTURA,700,48,33600
FORM PROF,O CORUJAO CORUJA ,ALUISIO DE AZEVEDO ,ARMAZEM DA CULTURA,700,53,37100
FORM PROF,PRODUÇÃO CULTURTAL ,RACHEL GADELHA ,ARMAZEM DA CULTURA,700,54,37800
FORM PROF,UM CERTO CONTAO COM A LUA,ANTONIO GIRÃO BARROSO,ARMAZEM DA CULTURA,700,48,33600
FORM PROF,ENTRE LUGARES SOL POR SOBRE MARGENS,ÂNGELA LINHARES,BRASIL TROPICAL,700,60,42000
FORM PROF,A PEDAGOGIA NOVO NORMAL,"CASEMIRO CAMPOS, FERNANDA DE FAÇANHA, JULIANA MARINA E RAIMUNDA NONATA",CAMINHAR,700,30,21000
FORM PROF,"AVALIAÇÃO DA EDUCAÇÃO, DESEMPENHO ESCOLAR E GESTÃO PEDAGÓGICA",CASEMIRO DE MEDEIROS CAMPOS FABRÍCIA ROBERTA VIANAMARIA ELIANA ALVES LIMA,CAMINHAR,700,50,35000
FORM PROF,"AVALIAÇÃO, APRENDIZAGEM E GESTÃO ESCOLAR",LEOMAR,CAMINHAR,700,30,21000
FORM PROF,BNCC – BASE NACIONAL COMUM CURRICULARUMA REFLEXÃO PARA ALÉM DA DEFINIÇÃO NORMATIVA,CASEMIRO DE MEDEIROS CAMPOS,CAMINHAR,700,40,28000
FORM PROF,CAMINHOS DA PRÁTICA EDUCATIVA,MARIA CLAUDIA GOMES BARBOSADAYANE DA SILVA BEZERRA,CAMINHAR,700,40,28000
FORM PROF,DIDÁTICA: FERRAMENTA PARA O TRABALHO DOCENTE EM SALA DE AULA,CASEMIRO DE MEDEIROS CAMPOS,CAMINHAR,700,50,35000
FORM PROF,ESCOLA DE TEMPO INTEGRAL – EDUCAÇÃO INFANTIL E ENSINO FUNDAMENTAL – TEORIA E PRÁTICA,"Casemiro de Medeiros Campos, Gleice Nascimento e Maria Claudia Soares Gomes Barbosa",CAMINHAR,700,50,35000
FORM PROF,GESTÃO ESCOLAR E APRENDIZAGEM,"CASEMIRO CAMPOS, LÍDIA AZEVEDO, MRYLAND PEREIRA BESSA MAIA",CAMINHAR,700,50,35000
FORM PROF,PEDAGOGIA CRÍTICA,"CASEMIRO CAMPOS, ANA CLÁUDIA FARIAS, JULIANA MARINA DE FAÇANHA E CAMPOS",CAMINHAR,700,50,35000
FORM PROF,A VOZ DOS OUTROS,JOSE DE NICOLAS,CASA DE LETRAS,700,185,129500
FORM PROF,COMO IMPLEMENTAR UMA POLITICA DE EDUCAÇÃO ABERTA,DEBORA SEBRIAM,CASA DE LETRAS,700,49,34300
FORM PROF,CORAÇÃO DE PROFESSOR É ESPAÇO DE AMIZADE,ALUISIO CAVALCANTE JR,CENE,700,60,42000
FORM PROF,A DITADURA MILITAR 1964-1985 - MOMENTOS DA REPÚBLICA BRASILEIRA,EVALDO VIEIRA,CORTEZ,700,62,43400
FORM PROF,A FILOSOFIA COMO CRÍTICA DA CULTURA,PAULO GHIRALDELLI JR.,CORTEZ,700,59,41300
FORM PROF,A JUSTIÇA POPULAR EM CABO VERDE,BOAVENTURA DE SOUSA SANTOS,CORTEZ,700,81,56700
FORM PROF,APRENDENDO COM OS APRENDIZES - A CONSTRUÇÃO DE VÍNCULOS ENTRE PROFESSORES E ALUNOS,GABRIEL CHALITA,CORTEZ,700,55,38500
FORM PROF,ASSÉDIO MORAL CONTRA MULHERES NAS ORGANIZAÇÕES,PATRÍCIA MARIA FIGUEREDO,CORTEZ,700,78,54600
FORM PROF,ATLAS DA EXCLUSÃO SOCIAL - DINÂMICA DA EXCLUSÃO SOCIAL NA PRIMEIRA DÉCADA DO SÉCULO XXI,ALEXANDRE GUERRA - MARCIO POCHMANN - RONNIE ALDRIN (ORG.),CORTEZ,700,84,58800
FORM PROF,DA FALA PARA A ESCRITA,LUIZ ANTONIO MARCUSCHI,CORTEZ,700,52,36400
FORM PROF,DEFICIENCIA E DIVERSIDADE - EDUCAÇÃO INCLUSIVA ,MARCOS CEZAR,CORTEZ,700,55,38500
FORM PROF,DESCORTESIA E CORTESIA - EXPRESSAO DE CULTURAS,ANA LUCIA TINOCO,CORTEZ,700,86,60200
FORM PROF,DEUSES DE PEDRA - ARTE NA GRÉCIA ANTIGA,DENISE ROCHAEL,CORTEZ,700,59,41300
FORM PROF,DIÁLOGOS GRÁFICOS - UMA DIDÁTICA DO ATELIÊ DE ARQUITETURA,ARTUR RENATO ORTEGA,CORTEZ,700,55,38500
FORM PROF,EDUCAÇÃO AMBIENTAL - REPENSANDO O ESPAÇO DA CIDADANIA,OBRA COLETIVA,CORTEZ,700,83,58100
FORM PROF,EDUCAÇÃO NÃO FORMAL NO CAMPO DAS ARTES,MARIA DA GLORIA GOHN (ORG.),CORTEZ,700,54,37800
FORM PROF,EDUCAÇÃO SUPERIOR - ESPAÇO DE FORMAÇÃO EM DIREITOS HUMANOS,AIDA MARIA MONTEIRO SILVA (ORG.),CORTEZ,700,85,59500
FORM PROF,ENSINO DE FILOSOFIA DO ENSINO MÉDIO  (PRETO),EVANDRO GHEDIN,CORTEZ,700,77,53900
FORM PROF,ENSINO DE FILOSOFIA NO ENSINO MÉDIO  (LARANJA),EVANDRO GHEDIN,CORTEZ,700,77,53900
FORM PROF,FILOSOFIA NO ENSINO MEDIO ,ANTONIO JOAQUIM SEVERINO,CORTEZ,700,89,62300
FORM PROF,MANUAL DE FONÉTICA ACÚSTICA EXPERIMENTAL,PLINIO A. BARBOSA; SANDRA MADUREIRA ,CORTEZ,700,80,56000
FORM PROF,O GRAU EM PERSPECTIVA - UMA ABORDAGEM CENTRADA AO USO,JOSE ROMERITO SILVA,CORTEZ,700,52,36400
FORM PROF,O PERCEBER DE QUEM ESTA NA ESCOLA SEM DISPOR DA VISÃO,ELCIE F. SALZANO MASINI,CORTEZ,700,62,43400
FORM PROF,O QUE É A PERGUNTA ?,MARIO SERGIO CORTELA,CORTEZ,700,63,44100
FORM PROF,POLÍTICA INDIGENISTA DE SAÚDE NO BRASIL,ROSIANE PINHEIRO,CORTEZ,700,52,36400
FORM PROF,PORTUGAL - ENSAIO CONTRA AUTOFLAGELAÇÃO,BOAVENTURA DE SOUSA SANTOS,CORTEZ,700,62,43400
FORM PROF,RÁDIO ESCOLAR - UMA EXPERIÊNCIA DE LETRAMENTO MIDIÁTICO,MARCOS BALTAR,CORTEZ,700,72,50400
FORM PROF,SABERES E AFETOS DO SER PROFESSOR,EMILIA CIPRIANO,CORTEZ,700,52,36400
FORM PROF,"TRADIÇÕES DISCURSIVAS , CONCEITOS, HISTÓRIAS E AQUISIÇÃO",SANDERLÉIA ROBERTA LONGHIN,CORTEZ,700,52,36400
FORM PROF,"MENTES INQUIETAS - TDAH: DESANTEÇÃO, HIPERATIVIDADE E IMPULSIVIDADE",ANA BEATRIZ BARBOSA SILVA,GLOBO,700,65,45500
FORM PROF,DIREITOS HUMANOS,MARK FRIEDMAN,HEDRA EDUCAÇÃO,700,54,37800
FORM PROF,OLHAR A AFRICA - FONTES VISUAIS PARA A SALA DE AULA,REGINA CLARO,HEDRA EDUCAÇÃO,700,180,126000
FORM PROF,PROTEGENDO O MEIO AMBIENTE - RECICLAGEM E COLETA SELETIVA,ANA CAROLINA AMARAL,HEDRA EDUCAÇÃO,700,129,90300
FORM PROF,VENCENDO O CYBER BULLYING,NICK HUNTER,HEDRA EDUCAÇÃO,700,89,62300
FORM PROF,A ESCOLA E SEUS DESAFIOS,CELSO ANTUNES,IMEPH,700,75,52500
FORM PROF,CALEIDOSCÓPIO DO CONTADOR DE HISTÓRIAS,"FABIANO MORAES, GIBA PEDROSA, LENICE GOMES",IMEPH,700,45,31500
FORM PROF,CIRANDAR: VIVÊNCIAS E EXPERIÊNCIAS NA EDUCAÇÃO INFANTIL,"ARLINDO ARAÚJO, GUARACIARA BARROS LEAL",IMEPH,700,110,77000
FORM PROF,CONCEPÇÕES E PRÁTICAS NA EDUCAÇÃO INFANTIL,OBRA COLETIVA,IMEPH,700,150,105000
FORM PROF,LEI BRASILEIRA DE INCLUSÃO,TIÃO SIMPATIA,IMEPH,700,40,28000
FORM PROF,O CASAMENTO DE ZÉ TEATRO COM MARIA ESCOLA,CRISPINIANO NETO,IMEPH,700,60,42000
FORM PROF,SER PROFESSOR HOJE,CELSO ANTUNES,IMEPH,700,60,42000
FORM PROF,ANTIGAMENTE ERA ASSIM,INES BRECCIO,PEIROPOLIS,700,75,52500
FORM PROF,BRINQUEDOS DO CHÃO ,GANDHY PIORSKI,PEIROPOLIS,700,75,52500
FORM PROF,LITERATURA ORAL PARA A INFANCIA E A JUVENTUDE,HENRIQUETA LISBOA,PEIROPOLIS,700,99,69300
FORM PROF,MUSICA NA EDUCAÇÃO INFANTIL,TECA ALENCAR,PEIROPOLIS,700,96,67200
FORM PROF,TRADIÇÃO E CRIAÇÃO DE JOGOS ,PATRICIO CASCO,PEIROPOLIS,700,72,50400
FORM PROF,ALFABETIZAÇÃO E LETRAMENTO - O QUE MUDA QUANDO MUDA O NOME,EDWIGES ZACCUR,ROVELLE,700,70,49000
FORM PROF,CRIANÇAS NARRADORAS E SUAS VIDAS COTIDIANAS,MARIA TEREZINHA ESPINOSA,ROVELLE,700,70,49000
FORM PROF,CULTURA ESCOLAR EM MOVIMENTO - DIALOGOS POSSIVEIS,ANDREA SERPA,ROVELLE,700,68,47600
FORM PROF,EDUCAÇÃO E SENSIBILIDADE,VERA WERNECK,ROVELLE,700,74,51800
FORM PROF,ESCOLA DA PONTE - VILA DAS AVES - PORTUGAL,ANDREA VILELA,ROVELLE,700,60,42000
FORM PROF,"TRACO, PALAVRA E COR - MANUAL DO PROFESS ",ANGELA LINHARES,SMILE,700,30,21000
FORM PROF,AUTISMO: O QUE FAZER E O QUE EVIATR,MARCOS PONTIS,VOZES,700,40,28000
FORM PROF,DINÂMICAS DE INTEGRAÇÃO: PARA FORMAR GRUPOS VENCEDORES,NEY WENDELL,VOZES,700,35,24500
FORM PROF,SÍNDROME DE DOWN E AS PRÁTICAS PEDAGÓGICAS,ANA CRISTINA DIAS ROCHA,VOZES,700,52,36400
FORM PROF,TDAH: O QUE FAZER E O QUE EVITAR,DONATELLA ARCANGELLI,VOZES,700,40,28000
FORM PROF,TRABALHANDO VALORES EM SALA DE AULA,CRIS PIZZIMENTI,VOZES,700,42,29400
,,,,,3388000,3388000
,,,,,,
,,,,,56335000,
,,,,,,
,,,,,,
,,,RESUMO:,,,
,,,INFANTIL,,9009000,
,,,FUNDAMENTAL I,,15558000,
,,,FUNDAMENTAL II,,28380000,
,,,FORMAÇÃO DE PROFESSORES,,3388000,
,,,TOTAIS:,,56335000,
